Date,Actual_Usage,Actual_Delivery,Total_Gas_Before,Total_Gas_After,Max_Injection_Limit,Max_Withdrawal_Limit,EOM_Min_Storage,EOM_Max_Storage,Usage_P10,Usage_P50,Usage_P95,Opt_Delivery,Opt_Storage_After,Actual_Daily_Violation,Actual_Monthly_Violation,Opt_Daily_Violation,Opt_Monthly_Violation,
1/1/2022,1048.99,1354.4109,124401.4589,124706.8798,434.523,1448.41,50694.35,65178.45,789.8159157,1175.166607,2070.396483,916.6939643,124269.1629,FALSE,FALSE,FALSE,FALSE,
1/2/2022,1950.08,1354.4109,124706.8798,124111.2107,434.523,1448.41,50694.35,65178.45,1051.27704,1430.143564,2147.842464,1295.034978,124051.8348,FALSE,FALSE,FALSE,FALSE,
1/3/2022,2538.59,1354.4109,124111.2107,122927.0316,434.523,1448.41,50694.35,65178.45,1736.596423,2222.560696,2526.183478,1296.552257,122869.173,FALSE,FALSE,FALSE,FALSE,
1/4/2022,2637.18,1354.4109,122927.0316,121644.2625,434.523,1448.41,50694.35,65178.45,1758.520059,2259.256112,2527.700757,1469.727349,121759.5789,FALSE,FALSE,FALSE,FALSE,
1/5/2022,3003.28,1354.4109,121644.2625,119995.3934,434.523,1448.41,50694.35,65178.45,1749.59439,2188.457278,2700.875849,1299.484595,119940.4671,TRUE,FALSE,TRUE,FALSE,
1/6/2022,2436.83,1354.4109,119995.3934,118912.9743,434.523,1448.41,50694.35,65178.45,1611.760474,2146.299272,2530.633095,983.8439013,118542.4073,FALSE,FALSE,TRUE,FALSE,
1/7/2022,2069.67,1354.4109,118912.9743,118197.7152,434.523,1448.41,50694.35,65178.45,1281.893498,1693.586432,2214.992401,1045.485317,117888.7896,FALSE,FALSE,FALSE,FALSE,
1/8/2022,1618.6,1354.4109,118197.7152,117933.5261,434.523,1448.41,50694.35,65178.45,1281.448672,1584.46471,2276.633817,1133.040113,117712.1553,FALSE,FALSE,FALSE,FALSE,
1/9/2022,2165.13,1354.4109,117933.5261,117122.807,434.523,1448.41,50694.35,65178.45,1373.550224,2001.931981,2364.188613,1507.820632,117276.2167,FALSE,FALSE,FALSE,FALSE,
1/10/2022,2494.52,1354.4109,117122.807,115982.6979,434.523,1448.41,50694.35,65178.45,1798.253712,2452.898735,2738.969132,1491.445076,116119.7321,FALSE,FALSE,FALSE,FALSE,
1/11/2022,2452.57,1354.4109,115982.6979,114884.5388,434.523,1448.41,50694.35,65178.45,1821.446133,2441.905512,2722.593576,1492.019411,115022.1473,FALSE,FALSE,FALSE,FALSE,
1/12/2022,2390.67,1354.4109,114884.5388,113848.2797,434.523,1448.41,50694.35,65178.45,1803.017927,2395.734288,2723.167911,1469.414451,113963.2833,FALSE,FALSE,FALSE,FALSE,
1/13/2022,2292.06,1354.4109,113848.2797,112910.6306,434.523,1448.41,50694.35,65178.45,1630.617551,2379.786106,2700.562951,1034.923399,112591.1431,FALSE,FALSE,FALSE,FALSE,
1/14/2022,1891.34,1354.4109,112910.6306,112373.7015,434.523,1448.41,50694.35,65178.45,1351.25347,1914.582891,2266.071899,920.8454859,111940.1361,FALSE,FALSE,FALSE,FALSE,
1/15/2022,1470.7,1354.4109,112373.7015,112257.4124,434.523,1448.41,50694.35,65178.45,1291.406316,1669.114178,2151.993986,1161.135153,112064.1367,FALSE,FALSE,FALSE,FALSE,
1/16/2022,2144.15,1354.4109,112257.4124,111467.6733,434.523,1448.41,50694.35,65178.45,1441.290881,2024.139021,2392.283653,1497.555765,111610.8182,FALSE,FALSE,FALSE,FALSE,
1/17/2022,2513.4,1354.4109,111467.6733,110308.6842,434.523,1448.41,50694.35,65178.45,1685.308322,2473.312199,2728.704265,1514.694996,110468.9683,FALSE,FALSE,FALSE,FALSE,
1/18/2022,2412.7,1354.4109,110308.6842,109250.3951,434.523,1448.41,50694.35,65178.45,1859.33425,2404.101543,2745.843496,1525.545725,109421.5299,FALSE,FALSE,FALSE,FALSE,
1/19/2022,2435.79,1354.4109,109250.3951,108169.016,434.523,1448.41,50694.35,65178.45,1773.000367,2357.059806,2756.694225,1458.744474,108273.3496,FALSE,FALSE,FALSE,FALSE,
1/20/2022,2465.15,1354.4109,108169.016,107058.2769,434.523,1448.41,50694.35,65178.45,1588.562668,2302.343569,2689.892974,1095.934619,106799.8006,FALSE,FALSE,FALSE,FALSE,
1/21/2022,2018.27,1354.4109,107058.2769,106394.4178,434.523,1448.41,50694.35,65178.45,1378.052533,1793.552434,2327.083119,1099.768236,106139.7751,FALSE,FALSE,FALSE,FALSE,
1/22/2022,1300.76,1354.4109,106394.4178,106448.0687,434.523,1448.41,50694.35,65178.45,1256.91661,1594.603383,2330.916736,1118.220135,106211.8779,FALSE,FALSE,FALSE,FALSE,
1/23/2022,1952.19,1354.4109,106448.0687,105850.2896,434.523,1448.41,50694.35,65178.45,1335.004535,1862.374904,2349.368635,1512.508718,106008.3874,FALSE,FALSE,FALSE,FALSE,
1/24/2022,2517.6,1354.4109,105850.2896,104687.1005,434.523,1448.41,50694.35,65178.45,1763.850144,2383.498709,2743.657218,1453.376105,104786.0657,FALSE,FALSE,FALSE,FALSE,
1/25/2022,2555.37,1354.4109,104687.1005,103486.1414,434.523,1448.41,50694.35,65178.45,1763.336804,2323.846648,2684.524605,1492.231909,103623.9624,FALSE,FALSE,FALSE,FALSE,
1/26/2022,2256.4,1354.4109,103486.1414,102584.1523,434.523,1448.41,50694.35,65178.45,1714.712217,2318.393455,2723.380409,1440.435115,102670.1765,FALSE,FALSE,FALSE,FALSE,
1/27/2022,1829.45,1354.4109,102584.1523,102109.1132,434.523,1448.41,50694.35,65178.45,1595.047873,2270.42569,2671.583615,1083.701146,101838.4034,FALSE,FALSE,FALSE,FALSE,
1/28/2022,1913.37,1354.4109,102109.1132,101550.1541,434.523,1448.41,50694.35,65178.45,1356.000091,1753.179336,2314.849646,1030.882829,101226.626,FALSE,FALSE,FALSE,FALSE,
1/29/2022,1387.83,1354.4109,101550.1541,101516.735,434.523,1448.41,50694.35,65178.45,1192.284766,1427.812913,2262.031329,1061.980989,101224.3051,FALSE,FALSE,FALSE,FALSE,
1/30/2022,1760.21,1354.4109,101516.735,101110.9359,434.523,1448.41,50694.35,65178.45,1234.391162,1701.107617,2293.129489,1382.104777,101138.6298,FALSE,FALSE,FALSE,FALSE,
1/31/2022,2230.18,1354.4109,101110.9359,100235.1668,434.523,1448.41,50694.35,65178.45,1666.96142,2269.255599,2613.253277,1519.502999,100400.2589,FALSE,TRUE,FALSE,TRUE,
2/1/2022,2335.08,1411.7091,100235.1668,99311.7959,434.523,1231.1485,14484.1,36210.25,1586.497675,2270.268137,2565.979224,1570.343002,99470.4298,FALSE,FALSE,FALSE,FALSE,
2/2/2022,2063.38,1411.7091,99311.7959,98660.125,434.523,1231.1485,14484.1,36210.25,1649.668842,2241.927742,2616.819227,1497.701207,98746.11711,FALSE,FALSE,FALSE,FALSE,
2/3/2022,2174.58,1411.7091,98660.125,97897.2541,434.523,1231.1485,14484.1,36210.25,1529.491384,2261.956557,2544.177432,1223.657273,97709.20227,FALSE,FALSE,FALSE,FALSE,
2/4/2022,1747.63,1411.7091,97897.2541,97561.3332,434.523,1231.1485,14484.1,36210.25,1314.916989,1785.834602,2270.133498,1151.822187,97301.44629,FALSE,FALSE,FALSE,FALSE,
2/5/2022,1631.19,1411.7091,97561.3332,97341.8523,434.523,1231.1485,14484.1,36210.25,1158.780054,1484.619471,2198.298412,1165.365584,97095.50878,FALSE,FALSE,FALSE,FALSE,
2/6/2022,1766.51,1411.7091,97341.8523,96987.0514,434.523,1231.1485,14484.1,36210.25,1310.039401,1711.953447,2211.841809,1552.144621,97127.48692,FALSE,FALSE,FALSE,FALSE,
2/7/2022,2010.93,1411.7091,96987.0514,96387.8305,434.523,1231.1485,14484.1,36210.25,1660.393392,2259.409847,2598.620846,1552.108178,96528.22958,FALSE,FALSE,FALSE,FALSE,
2/8/2022,1927.01,1411.7091,96387.8305,95872.5296,434.523,1231.1485,14484.1,36210.25,1653.664845,2225.901728,2598.584403,1526.356821,95987.17732,FALSE,FALSE,FALSE,FALSE,
2/9/2022,2160.95,1411.7091,95872.5296,95123.2887,434.523,1231.1485,14484.1,36210.25,1657.2807,2194.640949,2572.833046,1470.207404,95181.787,FALSE,FALSE,FALSE,FALSE,
2/10/2022,2001.5,1411.7091,95123.2887,94533.4978,434.523,1231.1485,14484.1,36210.25,1503.713117,2159.985599,2516.683629,1118.152074,94239.94077,FALSE,FALSE,FALSE,FALSE,
2/11/2022,1676.31,1411.7091,94533.4978,94268.8969,434.523,1231.1485,14484.1,36210.25,1303.448617,1750.041981,2164.628299,1060.370515,93917.55832,FALSE,FALSE,FALSE,FALSE,
2/12/2022,1863.02,1411.7091,94268.8969,93817.586,434.523,1231.1485,14484.1,36210.25,1098.779799,1430.776621,2106.84674,1137.828923,93543.70582,FALSE,FALSE,FALSE,FALSE,
2/13/2022,2328.77,1411.7091,93817.586,92900.5251,434.523,1231.1485,14484.1,36210.25,1280.898103,1635.140873,2184.305148,1500.982293,92989.79829,FALSE,FALSE,FALSE,FALSE,
2/14/2022,2909.93,1411.7091,92900.5251,91402.3042,434.523,1231.1485,14484.1,36210.25,1664.635796,2258.84065,2547.458518,1506.65592,91497.25102,TRUE,FALSE,TRUE,FALSE,
2/15/2022,1911.28,1411.7091,91402.3042,90902.7333,434.523,1231.1485,14484.1,36210.25,1684.399539,2233.895687,2553.132145,1495.854241,90986.87844,FALSE,FALSE,FALSE,FALSE,
2/16/2022,1966.88,1411.7091,90902.7333,90347.5624,434.523,1231.1485,14484.1,36210.25,1688.63018,2275.587265,2542.330466,1439.35029,90375.20359,FALSE,FALSE,FALSE,FALSE,
2/17/2022,1970.02,1411.7091,90347.5624,89789.2515,434.523,1231.1485,14484.1,36210.25,1544.202334,2185.203536,2485.826515,1231.782575,89609.32498,FALSE,FALSE,FALSE,FALSE,
2/18/2022,1976.32,1411.7091,89789.2515,89224.6406,434.523,1231.1485,14484.1,36210.25,1332.462759,1753.330045,2278.2588,1210.727583,89023.65908,FALSE,FALSE,FALSE,FALSE,
2/19/2022,1544.12,1411.7091,89224.6406,89092.2297,434.523,1231.1485,14484.1,36210.25,1148.38051,1424.513361,2257.203808,1196.649488,88877.17009,FALSE,FALSE,FALSE,FALSE,
2/20/2022,1464.4,1411.7091,89092.2297,89039.5388,434.523,1231.1485,14484.1,36210.25,1244.667518,1499.012764,2243.125713,1462.693658,89090.52336,FALSE,FALSE,FALSE,FALSE,
2/21/2022,1840.99,1411.7091,89039.5388,88610.2579,434.523,1231.1485,14484.1,36210.25,1576.066646,2065.094034,2509.169883,1468.863523,88667.41232,FALSE,FALSE,FALSE,FALSE,
2/22/2022,2104.29,1411.7091,88610.2579,87917.677,434.523,1231.1485,14484.1,36210.25,1636.553009,2146.638345,2515.339748,1486.088714,87992.05661,FALSE,FALSE,FALSE,FALSE,
2/23/2022,2446.27,1411.7091,87917.677,86883.1161,434.523,1231.1485,14484.1,36210.25,1608.578043,2058.402424,2532.564939,1377.817022,86849.22402,FALSE,FALSE,FALSE,FALSE,
2/24/2022,2239.61,1411.7091,86883.1161,86055.2152,434.523,1231.1485,14484.1,36210.25,1430.7637,2029.205484,2424.293247,1123.664584,85767.17068,FALSE,FALSE,FALSE,FALSE,
2/25/2022,1753.93,1411.7091,86055.2152,85712.9943,434.523,1231.1485,14484.1,36210.25,1285.986722,1765.347771,2170.140809,1065.335557,85366.62076,FALSE,FALSE,FALSE,FALSE,
2/26/2022,1777.01,1411.7091,85712.9943,85347.6934,434.523,1231.1485,14484.1,36210.25,1056.656667,1419.709912,2111.811782,1164.09726,85100.08156,FALSE,FALSE,FALSE,FALSE,
2/27/2022,1970.02,1411.7091,85347.6934,84789.3825,434.523,1231.1485,14484.1,36210.25,1259.017237,1760.215345,2210.573485,1470.921063,84848.59446,FALSE,FALSE,FALSE,FALSE,
2/28/2022,2070.72,1411.7091,84789.3825,84130.3716,434.523,1231.1485,14484.1,36210.25,1653.386438,2178.885543,2517.397288,1779.976887,84498.63939,FALSE,TRUE,FALSE,TRUE,
3/1/2022,2053.95,1354.4109,84130.3716,83430.8325,434.523,869.046,0,14484.1,1563.407647,2127.556787,2518.665987,1782.465238,83858.88684,FALSE,FALSE,FALSE,FALSE,
3/2/2022,2173.53,1354.4109,83430.8325,82611.7134,434.523,869.046,0,14484.1,1467.761898,2068.544605,2521.154338,1739.300731,82996.60323,FALSE,FALSE,FALSE,FALSE,
3/3/2022,2005.68,1354.4109,82611.7134,81960.4443,434.523,869.046,0,14484.1,1357.255731,2041.830829,2477.989831,1443.245833,82049.27923,FALSE,FALSE,FALSE,FALSE,
3/4/2022,1230.47,1354.4109,81960.4443,82084.3852,434.523,869.046,0,14484.1,1207.387129,1757.858151,2181.934933,1422.446691,82152.42099,FALSE,FALSE,FALSE,FALSE,
3/5/2022,1295.52,1354.4109,82084.3852,82143.2761,434.523,869.046,0,14484.1,1048.916925,1431.937145,2161.135791,1458.418675,82247.28388,FALSE,FALSE,FALSE,FALSE,
3/6/2022,1444.47,1354.4109,82143.2761,82053.217,434.523,869.046,0,14484.1,1246.684455,1696.082911,2197.107775,1739.50066,82438.30676,FALSE,FALSE,FALSE,FALSE,
3/7/2022,2316.19,1354.4109,82053.217,81091.4379,434.523,869.046,0,14484.1,1538.444482,2094.465696,2478.18976,1789.200257,81526.22726,TRUE,FALSE,FALSE,FALSE,
3/8/2022,2257.45,1354.4109,81091.4379,80188.3988,434.523,869.046,0,14484.1,1608.793897,2065.875419,2527.889357,1783.173726,80617.16163,TRUE,FALSE,FALSE,FALSE,
3/9/2022,2259.55,1354.4109,80188.3988,79283.2597,434.523,869.046,0,14484.1,1595.328458,2050.753327,2521.862826,1675.447967,79604.29677,TRUE,FALSE,FALSE,FALSE,
3/10/2022,1950.09,1354.4109,79283.2597,78687.5806,434.523,869.046,0,14484.1,1413.292815,1999.761833,2414.137067,1398.469249,78731.63895,FALSE,FALSE,FALSE,FALSE,
3/11/2022,2049.74,1354.4109,78687.5806,77992.2515,434.523,869.046,0,14484.1,1004.594483,1622.283903,2137.158349,1380.925167,78018.76577,FALSE,FALSE,FALSE,FALSE,
3/12/2022,1239.92,1354.4109,77992.2515,78106.7424,434.523,869.046,0,14484.1,826.968991,1336.534096,2119.614267,1461.716345,78214.04784,FALSE,FALSE,FALSE,FALSE,
3/13/2022,1245.16,1354.4109,78106.7424,78215.9933,434.523,869.046,0,14484.1,1245.790216,1714.086687,2200.405445,1790.647913,78652.23031,FALSE,FALSE,TRUE,FALSE,
3/14/2022,2039.26,1354.4109,78215.9933,77531.1442,434.523,869.046,0,14484.1,1652.566495,2181.471232,2529.337013,1786.506783,77963.24008,FALSE,FALSE,FALSE,FALSE,
3/15/2022,2503.97,1354.4109,77531.1442,76381.5851,434.523,869.046,0,14484.1,1661.424117,2171.744151,2525.195883,1792.371927,76819.54613,TRUE,FALSE,FALSE,FALSE,
3/16/2022,2327.74,1354.4109,76381.5851,75408.256,434.523,869.046,0,14484.1,1667.539469,2165.088135,2531.061027,1750.133584,75803.97868,TRUE,FALSE,FALSE,FALSE,
3/17/2022,2128.42,1354.4109,75408.256,74634.2469,434.523,869.046,0,14484.1,1539.790295,2098.21616,2488.822684,1436.708855,74716.54485,FALSE,FALSE,FALSE,FALSE,
3/18/2022,1580.84,1354.4109,74634.2469,74407.8178,434.523,869.046,0,14484.1,1215.664676,1711.13946,2175.397955,1416.957054,74470.36395,FALSE,FALSE,FALSE,FALSE,
3/19/2022,1479.1,1354.4109,74407.8178,74283.1287,434.523,869.046,0,14484.1,995.9200792,1422.485053,2155.646154,1427.11893,74355.83673,FALSE,FALSE,FALSE,FALSE,
3/20/2022,1339.58,1354.4109,74283.1287,74297.9596,434.523,869.046,0,14484.1,1010.293038,1548.319832,2165.80803,1789.864303,74733.413,FALSE,FALSE,TRUE,FALSE,
3/21/2022,1995.2,1354.4109,74297.9596,73657.1705,434.523,869.046,0,14484.1,1665.201934,2178.281925,2528.553403,1787.656585,74090.41619,FALSE,FALSE,FALSE,FALSE,
3/22/2022,2193.46,1354.4109,73657.1705,72818.1214,434.523,869.046,0,14484.1,1676.126619,2155.115024,2526.345685,1786.193694,73249.90419,FALSE,FALSE,FALSE,FALSE,
3/23/2022,2046.6,1354.4109,72818.1214,72125.9323,434.523,869.046,0,14484.1,1671.195518,2116.046406,2524.882794,1719.380375,72490.90177,FALSE,FALSE,FALSE,FALSE,
3/24/2022,2005.69,1354.4109,72125.9323,71474.6532,434.523,869.046,0,14484.1,1521.636139,2067.998097,2458.069475,1403.699375,71523.94167,FALSE,FALSE,FALSE,FALSE,
3/25/2022,1433.98,1354.4109,71474.6532,71395.0841,434.523,869.046,0,14484.1,845.4848432,1592.068798,2142.388475,1379.346931,71420.02013,FALSE,FALSE,FALSE,FALSE,
3/26/2022,1446.57,1354.4109,71395.0841,71302.925,434.523,869.046,0,14484.1,811.9799301,1322.731003,2118.036031,1414.731036,71363.24514,FALSE,FALSE,FALSE,FALSE,
3/27/2022,1518.95,1354.4109,71302.925,71138.3859,434.523,869.046,0,14484.1,1069.506456,1529.780137,2153.420136,1736.772623,71520.74762,FALSE,FALSE,FALSE,FALSE,
3/28/2022,1671.06,1354.4109,71138.3859,70821.7368,434.523,869.046,0,14484.1,1490.916408,2068.327451,2475.461723,1740.917811,71208.24371,FALSE,FALSE,FALSE,FALSE,
3/29/2022,1910.23,1354.4109,70821.7368,70265.9177,434.523,869.046,0,14484.1,1516.779552,2074.118853,2479.606911,1724.141002,70635.6478,FALSE,FALSE,FALSE,FALSE,
3/30/2022,1961.63,1354.4109,70265.9177,69658.6986,434.523,869.046,0,14484.1,1508.777159,2028.324777,2462.830102,1662.355798,69966.6435,FALSE,FALSE,FALSE,FALSE,
3/31/2022,2126.32,1354.4109,69658.6986,68886.7895,434.523,869.046,0,14484.1,1246.975745,1981.703945,2401.044898,1715.236217,69247.61482,FALSE,TRUE,FALSE,TRUE,
4/1/2022,1661.62,896.0253,68886.7895,68121.1948,434.523,434.523,0,14484.1,935.5240515,1567.145937,2062.854617,1620.39229,68845.56179,TRUE,FALSE,FALSE,FALSE,
4/2/2022,1209.5,905.9043,68121.1948,67817.5991,434.523,434.523,0,14484.1,850.5308783,1277.176993,1968.01069,1745.649885,68657.34469,FALSE,FALSE,TRUE,FALSE,
4/3/2022,1689.94,905.9043,67817.5991,67033.5634,434.523,434.523,0,14484.1,1068.6462,1548.189708,2093.268285,2063.543226,68191.20233,TRUE,FALSE,FALSE,FALSE,
4/4/2022,2291.02,905.9043,67033.5634,65648.4477,434.523,434.523,0,14484.1,1494.782545,2033.416379,2411.161626,2065.378263,66807.92166,TRUE,FALSE,FALSE,FALSE,
4/5/2022,2371.79,905.9043,65648.4477,64182.562,434.523,434.523,0,14484.1,1519.983519,2002.256848,2412.996663,2136.216786,65412.87449,TRUE,FALSE,FALSE,FALSE,
4/6/2022,2066.54,905.9043,64182.562,63021.9263,434.523,434.523,0,14484.1,1528.417074,2029.46066,2483.835186,2103.919775,64219.94178,TRUE,FALSE,FALSE,FALSE,
4/7/2022,2000.45,905.9043,63021.9263,61927.3806,434.523,434.523,0,14484.1,1366.839967,2046.553913,2451.538175,1829.061332,62850.53763,TRUE,FALSE,FALSE,FALSE,
4/8/2022,1674.21,905.9043,61927.3806,61159.0749,434.523,434.523,0,14484.1,1156.000153,1700.480923,2176.679732,1741.705653,61994.87625,TRUE,FALSE,FALSE,FALSE,
4/9/2022,1328.03,905.9043,61159.0749,60736.9492,434.523,434.523,0,14484.1,1003.246144,1422.259927,2089.324053,1848.672913,61679.71781,FALSE,FALSE,TRUE,FALSE,
4/10/2022,1546.22,905.9043,60736.9492,60096.6335,434.523,434.523,0,14484.1,1242.41329,1630.757042,2196.291313,2153.981548,61344.71075,TRUE,FALSE,TRUE,FALSE,
4/11/2022,2379.12,905.9043,60096.6335,58623.4178,434.523,434.523,0,14484.1,1580.737537,2119.275541,2501.599948,2158.747236,59876.26074,TRUE,FALSE,FALSE,FALSE,
4/12/2022,2176.68,905.9043,58623.4178,57352.6421,434.523,434.523,0,14484.1,1594.429812,2096.003194,2506.365636,2162.40109,58609.13889,TRUE,FALSE,FALSE,FALSE,
4/13/2022,1979.46,905.9043,57352.6421,56279.0864,434.523,434.523,0,14484.1,1593.400079,2088.819506,2510.01949,2114.680044,57487.86214,TRUE,FALSE,FALSE,FALSE,
4/14/2022,712.27,905.9043,56279.0864,56472.7207,434.523,434.523,0,14484.1,1356.933314,2017.564139,2462.298444,1782.610375,57349.42678,FALSE,FALSE,TRUE,FALSE,
4/15/2022,286.38,905.9043,56472.7207,57092.245,434.523,434.523,0,14484.1,1034.103894,1592.234349,2130.228775,1645.403419,57831.74412,TRUE,FALSE,TRUE,FALSE,
4/16/2022,740.6,905.9043,57092.245,57257.5493,434.523,434.523,0,14484.1,763.8889093,1187.565594,1993.021819,1649.31409,58000.95909,FALSE,FALSE,TRUE,FALSE,
4/17/2022,1270.34,905.9043,57257.5493,56893.1136,434.523,434.523,0,14484.1,863.1487765,1384.943576,1996.93249,2033.185815,58020.39512,FALSE,FALSE,TRUE,FALSE,
4/18/2022,2774.61,905.9043,56893.1136,55024.4079,434.523,434.523,0,14484.1,1500.142195,2063.261065,2380.804215,2019.991521,56138.49512,TRUE,FALSE,TRUE,FALSE,
4/19/2022,2494.52,905.9043,55024.4079,53435.7922,434.523,434.523,0,14484.1,1541.905444,2019.156162,2367.609921,2037.77685,54567.66475,TRUE,FALSE,TRUE,FALSE,
4/20/2022,2085.41,905.9043,53435.7922,52256.2865,434.523,434.523,0,14484.1,1556.810021,1989.196006,2385.39525,2032.486836,53382.86904,TRUE,FALSE,FALSE,FALSE,
4/21/2022,2010.93,905.9043,52256.2865,51151.2608,434.523,434.523,0,14484.1,1393.727988,1964.980144,2380.105236,1722.189333,51967.54583,TRUE,FALSE,FALSE,FALSE,
4/22/2022,1479.08,905.9043,51151.2608,50578.0851,434.523,434.523,0,14484.1,869.8514265,1558.318678,2069.807733,1605.320693,51277.50149,TRUE,FALSE,FALSE,FALSE,
4/23/2022,1021.73,246.975,50578.0851,49803.3301,434.523,434.523,0,14484.1,837.2413473,1180.383254,1952.939093,1713.309361,51269.66446,TRUE,FALSE,TRUE,FALSE,
4/24/2022,1716.17,246.975,49803.3301,48334.1351,434.523,434.523,0,14484.1,1044.971229,1490.482125,2060.927761,2071.217026,50158.37713,TRUE,FALSE,FALSE,FALSE,
4/25/2022,2343.47,246.975,48334.1351,46237.6401,434.523,434.523,0,14484.1,1482.905841,2077.696714,2418.835426,2069.686398,48060.3515,TRUE,FALSE,FALSE,FALSE,
4/26/2022,2216.54,905.9043,46237.6401,44927.0044,434.523,434.523,0,14484.1,1574.175605,2078.622548,2417.304798,2121.960925,46143.06103,TRUE,FALSE,FALSE,FALSE,
4/27/2022,2338.21,905.9043,44927.0044,43494.6987,434.523,434.523,0,14484.1,1544.572077,2048.496599,2469.579325,2067.871797,44656.6662,TRUE,FALSE,FALSE,FALSE,
4/28/2022,1824.2,905.9043,43494.6987,42576.403,434.523,434.523,0,14484.1,1326.317049,1901.882299,2415.490197,1838.727254,43509.22595,TRUE,FALSE,FALSE,FALSE,
4/29/2022,1401.47,905.9043,42576.403,42080.8373,434.523,434.523,0,14484.1,1148.716539,1614.837509,2186.345654,1671.627103,42846.5601,TRUE,FALSE,FALSE,FALSE,
4/30/2022,1233.62,905.9043,42080.8373,41753.1216,434.523,434.523,0,14484.1,827.4772451,1223.273791,2019.245503,1709.33273,42556.55003,FALSE,TRUE,TRUE,TRUE,
5/1/2022,1698.34,1434.4308,41753.1216,41489.2124,651.7845,434.523,14484.1,28968.2,1012.339105,1531.220312,2078.67728,1991.279437,42046.06104,FALSE,FALSE,FALSE,FALSE,
5/2/2022,2017.22,1434.4308,41489.2124,40906.4232,651.7845,434.523,14484.1,28968.2,1552.698753,2105.88389,2360.623987,1985.821712,41457.81411,TRUE,FALSE,FALSE,FALSE,
5/3/2022,2139.96,1434.4308,40906.4232,40200.894,651.7845,434.523,14484.1,28968.2,1594.407594,2090.732196,2355.166262,2080.788403,40847.2516,TRUE,FALSE,FALSE,FALSE,
5/4/2022,2272.13,1434.4308,40200.894,39363.1948,651.7845,434.523,14484.1,28968.2,1548.323821,1990.642515,2450.132953,2015.256453,39944.02045,TRUE,FALSE,FALSE,FALSE,
5/5/2022,2006.73,1434.4308,39363.1948,38790.8956,651.7845,434.523,14484.1,28968.2,1312.327936,1977.548349,2384.601003,1708.192823,39064.65762,TRUE,FALSE,FALSE,FALSE,
5/6/2022,1346.91,1434.4308,38790.8956,38878.4164,651.7845,434.523,14484.1,28968.2,942.3660609,1550.46502,2077.537373,1647.909905,39091.8955,FALSE,FALSE,FALSE,FALSE,
5/7/2022,1175.93,1434.4308,38878.4164,39136.9172,651.7845,434.523,14484.1,28968.2,824.6629271,1239.920998,2017.254455,1664.222564,39366.70896,FALSE,FALSE,FALSE,FALSE,
5/8/2022,1367.9,1434.4308,39136.9172,39203.448,651.7845,434.523,14484.1,28968.2,1070.476443,1540.336854,2033.567114,1992.397086,39761.41429,FALSE,FALSE,FALSE,FALSE,
5/9/2022,1945.9,1434.4308,39203.448,38691.9788,651.7845,434.523,14484.1,28968.2,1525.960639,2039.822814,2361.741636,2005.237458,39262.78546,TRUE,FALSE,FALSE,FALSE,
5/10/2022,1881.91,1434.4308,38691.9788,38244.4996,651.7845,434.523,14484.1,28968.2,1577.115483,2010.273861,2374.582008,2026.233744,38836.30254,TRUE,FALSE,FALSE,FALSE,
5/11/2022,1953.23,1434.4308,38244.4996,37725.7004,651.7845,434.523,14484.1,28968.2,1566.262651,2000.85861,2395.578294,1897.878766,38189.14837,TRUE,FALSE,FALSE,FALSE,
5/12/2022,1889.25,1434.4308,37725.7004,37270.8812,651.7845,434.523,14484.1,28968.2,1327.991497,1880.039176,2267.223316,1608.627392,37445.07779,TRUE,FALSE,FALSE,FALSE,
5/13/2022,1451.82,1434.4308,37270.8812,37253.492,651.7845,434.523,14484.1,28968.2,909.5680414,1436.828352,1977.971942,1585.823671,37404.88487,FALSE,FALSE,FALSE,FALSE,
5/14/2022,1012.28,1434.4308,37253.492,37675.6428,651.7845,434.523,14484.1,28968.2,859.4805034,1167.934335,1955.168221,1648.898709,37890.11071,FALSE,FALSE,FALSE,FALSE,
5/15/2022,1329.09,1434.4308,37675.6428,37780.9836,651.7845,434.523,14484.1,28968.2,994.0366665,1432.164548,2018.243259,1978.635373,38325.18817,FALSE,FALSE,FALSE,FALSE,
5/16/2022,1678.4,1434.4308,37780.9836,37537.0144,651.7845,434.523,14484.1,28968.2,1463.918274,1974.740967,2347.979923,1982.540488,38085.12409,FALSE,FALSE,FALSE,FALSE,
5/17/2022,2083.31,1434.4308,37537.0144,36888.1352,651.7845,434.523,14484.1,28968.2,1492.364676,1947.378748,2351.885038,2054.378771,37508.08317,TRUE,FALSE,FALSE,FALSE,
5/18/2022,2063.38,1434.4308,36888.1352,36259.186,651.7845,434.523,14484.1,28968.2,1489.543581,1971.176989,2423.723321,2062.401599,36887.1568,TRUE,FALSE,FALSE,FALSE,
5/19/2022,2036.11,1434.4308,36259.186,35657.5068,651.7845,434.523,14484.1,28968.2,1287.446044,1914.606474,2431.746149,1670.814692,35893.89069,TRUE,FALSE,FALSE,FALSE,
5/20/2022,1298.67,1434.4308,35657.5068,35793.2676,651.7845,434.523,14484.1,28968.2,852.2660423,1473.960058,2040.159242,1633.218511,35992.05531,FALSE,FALSE,FALSE,FALSE,
5/21/2022,942.01,2547.7941,35793.2676,37399.0517,651.7845,434.523,14484.1,28968.2,716.1950798,1143.973657,2002.563061,1643.810617,36495.06822,TRUE,FALSE,TRUE,FALSE,
5/22/2022,1743.43,2547.7941,37399.0517,38203.4158,651.7845,434.523,14484.1,28968.2,910.5181106,1368.048401,2013.155167,1975.558644,37631.18034,TRUE,FALSE,FALSE,FALSE,
5/23/2022,1987.86,2547.7941,38203.4158,38763.3499,651.7845,434.523,14484.1,28968.2,1343.155653,1942.831677,2344.903194,2024.908544,38240.46434,FALSE,FALSE,FALSE,FALSE,
5/24/2022,2066.53,2547.7941,38763.3499,39244.614,651.7845,434.523,14484.1,28968.2,1394.730235,1972.432411,2394.253094,2022.642962,38719.46286,FALSE,FALSE,FALSE,FALSE,
5/25/2022,1986.81,2547.7941,39244.614,39805.5981,651.7845,434.523,14484.1,28968.2,1404.94704,1953.325054,2391.987512,1887.578345,39145.38235,FALSE,FALSE,FALSE,FALSE,
5/26/2022,1811.63,2547.7941,39805.5981,40541.7622,651.7845,434.523,14484.1,28968.2,1179.614726,1835.47397,2256.922895,1611.579072,39605.54717,TRUE,FALSE,FALSE,FALSE,
5/27/2022,857.03,2547.7941,40541.7622,42232.5263,651.7845,434.523,14484.1,28968.2,750.8167234,1503.889159,1980.923622,1581.355699,41266.0879,TRUE,FALSE,TRUE,FALSE,
5/28/2022,138.46,2547.7941,42232.5263,44641.8604,651.7845,434.523,14484.1,28968.2,681.1005284,1145.471792,1950.700249,1643.810617,43737.87692,TRUE,FALSE,TRUE,FALSE,
5/29/2022,608.42,2547.7941,44641.8604,46581.2345,651.7845,434.523,14484.1,28968.2,759.5953112,1134.214961,2013.155167,1952.052658,45985.49306,TRUE,FALSE,TRUE,FALSE,
5/30/2022,1140.26,2547.7941,46581.2345,47988.7686,651.7845,434.523,14484.1,28968.2,1029.058256,1877.396628,2321.397208,2038.37864,47479.35314,TRUE,FALSE,TRUE,FALSE,
5/31/2022,1739.25,2547.7941,47988.7686,48797.3127,651.7845,434.523,14484.1,28968.2,1291.794845,1885.299132,2407.72319,1987.684441,48237.20304,TRUE,TRUE,FALSE,TRUE,
6/1/2022,2186.13,1481.85,48797.3127,48093.0327,724.205,434.523,28968.2,43452.3,1373.054071,1919.517897,2370.064681,1899.067831,48510.25053,TRUE,FALSE,FALSE,FALSE,
6/2/2022,2200.8,1481.85,48093.0327,47374.0827,724.205,434.523,28968.2,43452.3,1247.85286,1748.629576,2281.448071,1598.875722,47491.10842,TRUE,FALSE,TRUE,FALSE,
6/3/2022,1221.97,1481.85,47374.0827,47633.9627,724.205,434.523,28968.2,43452.3,811.8196787,1313.626233,1981.255962,1525.386223,47677.49892,FALSE,FALSE,FALSE,FALSE,
6/4/2022,1002.965,1481.85,47633.9627,48112.8477,724.205,434.523,28968.2,43452.3,675.2951249,1014.910645,1907.766463,1595.477143,48226.47484,FALSE,FALSE,FALSE,FALSE,
6/5/2022,1220.92,1481.85,48112.8477,48373.7777,724.205,434.523,28968.2,43452.3,773.1288175,1240.005938,1977.857383,1863.608927,48755.53663,FALSE,FALSE,FALSE,FALSE,
6/6/2022,1931.47,1481.85,48373.7777,47924.1577,724.205,434.523,28968.2,43452.3,1177.526589,1836.120855,2245.989167,1923.038886,48365.34659,TRUE,FALSE,FALSE,FALSE,
6/7/2022,1927.27,1481.85,47924.1577,47478.7377,724.205,434.523,28968.2,43452.3,1388.476579,1831.77497,2305.419126,1980.559195,47977.4469,TRUE,FALSE,FALSE,FALSE,
6/8/2022,1844.48,1481.85,47478.7377,47116.1077,724.205,434.523,28968.2,43452.3,1419.793139,1842.171252,2362.939435,1895.701249,47529.95895,FALSE,FALSE,FALSE,FALSE,
6/9/2022,1658.99,1481.85,47116.1077,46938.9677,724.205,434.523,28968.2,43452.3,1274.036827,1741.064395,2278.081489,1575.76324,47032.88094,FALSE,FALSE,FALSE,FALSE,
6/10/2022,1071.06,1481.85,46938.9677,47349.7577,724.205,434.523,28968.2,43452.3,764.6778783,1288.011476,1958.14348,1502.757946,47370.66565,FALSE,FALSE,FALSE,FALSE,
6/11/2022,928.52,1481.85,47349.7577,47903.0877,724.205,434.523,28968.2,43452.3,578.2819595,995.6318039,1885.138186,1590.959079,48012.19678,FALSE,FALSE,FALSE,FALSE,
6/12/2022,1322.58,1481.85,47903.0877,48062.3577,724.205,434.523,28968.2,43452.3,861.7147999,1254.908545,1973.339319,1894.039517,48474.54722,FALSE,FALSE,FALSE,FALSE,
6/13/2022,1940.89,1481.85,48062.3577,47603.3177,724.205,434.523,28968.2,43452.3,1337.612913,1833.400853,2276.419757,1924.297169,48045.76487,TRUE,FALSE,FALSE,FALSE,
6/14/2022,1783.7,1481.85,47603.3177,47301.4677,724.205,434.523,28968.2,43452.3,1404.30923,1844.768259,2306.677409,1917.966957,47737.58466,FALSE,FALSE,FALSE,FALSE,
6/15/2022,1945.09,1481.85,47301.4677,46838.2277,724.205,434.523,28968.2,43452.3,1404.30923,1816.440914,2300.347197,1814.228844,47170.60654,TRUE,FALSE,FALSE,FALSE,
6/16/2022,1824.57,2733.5193,46838.2277,47747.177,724.205,434.523,28968.2,43452.3,1241.020717,1703.766613,2196.609084,1546.145094,46559.80279,TRUE,FALSE,FALSE,FALSE,
6/17/2022,1413.75,2733.5193,47747.177,49066.9463,724.205,434.523,28968.2,43452.3,749.3360023,1272.125724,1928.525334,1505.483692,47838.91069,TRUE,FALSE,FALSE,FALSE,
6/18/2022,991.4,2733.5193,49066.9463,50809.0656,724.205,434.523,28968.2,43452.3,590.8101274,1002.937364,1887.863932,1598.472814,49674.01911,TRUE,FALSE,FALSE,FALSE,
6/19/2022,1363.45,2733.5193,50809.0656,52179.1349,724.205,434.523,28968.2,43452.3,853.4050492,1136.066918,1980.853054,1902.557731,51348.17333,TRUE,FALSE,FALSE,FALSE,
6/20/2022,1697.76,2733.5193,52179.1349,53214.8942,724.205,434.523,28968.2,43452.3,1249.440349,1847.120358,2284.937971,1901.013092,52382.38799,TRUE,FALSE,FALSE,FALSE,
6/21/2022,1972.33,2733.5193,53214.8942,53976.0835,724.205,434.523,28968.2,43452.3,1445.517793,1863.696886,2283.393332,1918.290455,53160.85466,TRUE,FALSE,FALSE,FALSE,
6/22/2022,1978.63,2733.5193,53976.0835,54730.9728,724.205,434.523,28968.2,43452.3,1435.611899,1839.925361,2300.670695,1809.079349,53806.53285,TRUE,FALSE,FALSE,FALSE,
6/23/2022,1886.4,2733.5193,54730.9728,55578.0921,724.205,434.523,28968.2,43452.3,1286.002896,1767.507696,2191.459589,1558.528813,54403.10161,TRUE,FALSE,FALSE,FALSE,
6/24/2022,1056.39,2733.5193,55578.0921,57255.2214,724.205,434.523,28968.2,43452.3,855.7468114,1373.835797,1940.909053,1527.770782,56049.47288,TRUE,FALSE,FALSE,FALSE,
6/25/2022,919.1,2733.5193,57255.2214,59069.6407,724.205,434.523,28968.2,43452.3,685.0075749,1093.037353,1910.151022,1590.1259,57926.2473,TRUE,FALSE,FALSE,FALSE,
6/26/2022,1647.46,2733.5193,59069.6407,60155.7,724.205,434.523,28968.2,43452.3,909.3996219,1300.382881,1972.50614,1875.592564,59297.77326,TRUE,FALSE,FALSE,FALSE,
6/27/2022,2033.12,2733.5193,60155.7,60856.0993,724.205,434.523,28968.2,43452.3,1373.284618,1898.959166,2257.972804,1933.811753,60056.39175,FALSE,FALSE,FALSE,FALSE,
6/28/2022,2322.37,2733.5193,60856.0993,61267.2486,724.205,434.523,28968.2,43452.3,1457.677478,1915.407686,2316.191993,1958.841057,60492.57036,FALSE,FALSE,FALSE,FALSE,
6/29/2022,1872.78,2733.5193,61267.2486,62127.9879,724.205,434.523,28968.2,43452.3,1436.299547,1880.604058,2341.221297,1856.168394,61250.63699,TRUE,FALSE,FALSE,FALSE,
6/30/2022,1745.97,2733.5193,62127.9879,63115.5372,724.205,434.523,28968.2,43452.3,1283.305505,1802.656446,2238.548634,1597.683675,61979.70158,TRUE,TRUE,FALSE,TRUE,
7/1/2022,621.46,1593.4827,63115.5372,64087.5599,651.7845,434.523,43452.3,57936.4,757.730603,1400.733182,1980.063915,1502.230576,63996.30778,TRUE,FALSE,TRUE,FALSE,
7/2/2022,113.18,1593.4827,64087.5599,65567.8626,651.7845,434.523,43452.3,57936.4,632.2545534,1081.897915,1884.610816,1608.589358,65582.96926,TRUE,FALSE,TRUE,FALSE,
7/3/2022,468.45,1593.4827,65567.8626,66692.8953,651.7845,434.523,43452.3,57936.4,799.5378143,1297.006463,1990.969598,1943.887234,67043.29983,TRUE,FALSE,TRUE,FALSE,
7/4/2022,839.45,1593.4827,66692.8953,67446.928,651.7845,434.523,43452.3,57936.4,1062.906221,1679.300272,2326.267474,2029.611882,67883.05718,TRUE,FALSE,TRUE,FALSE,
7/5/2022,2192.41,1593.4827,67446.928,66848.0007,651.7845,434.523,43452.3,57936.4,1445.85233,1924.918593,2411.992122,2022.189164,67276.70716,TRUE,FALSE,FALSE,FALSE,
7/6/2022,1794.18,1593.4827,66848.0007,66647.3034,651.7845,434.523,43452.3,57936.4,1479.755265,2012.111167,2404.569404,1885.497978,66939.31868,FALSE,FALSE,FALSE,FALSE,
7/7/2022,1594.01,1593.4827,66647.3034,66646.7761,651.7845,434.523,43452.3,57936.4,1302.306722,1750.545425,2267.878218,1665.196508,66718.48991,FALSE,FALSE,FALSE,FALSE,
7/8/2022,1090.97,1593.4827,66646.7761,67149.2888,651.7845,434.523,43452.3,57936.4,892.7175381,1318.938833,2047.576748,1478.732897,67034.539,FALSE,FALSE,FALSE,FALSE,
7/9/2022,1056.39,1593.4827,67149.2888,67686.3815,651.7845,434.523,43452.3,57936.4,703.8624274,1015.945217,1861.113137,1592.264936,67685.16374,FALSE,FALSE,FALSE,FALSE,
7/10/2022,1124.51,1593.4827,67686.3815,68155.3542,651.7845,434.523,43452.3,57936.4,860.5212714,1242.542304,1974.645176,1854.65182,68416.52332,FALSE,FALSE,TRUE,FALSE,
7/11/2022,2013.21,1593.4827,68155.3542,67735.6269,651.7845,434.523,43452.3,57936.4,1314.692902,1937.197553,2237.03206,1878.612235,68020.75644,FALSE,FALSE,FALSE,FALSE,
7/12/2022,2062.47,1593.4827,67735.6269,67266.6396,651.7845,434.523,43452.3,57936.4,1390.816961,1827.597075,2260.992475,1909.412854,67582.56975,TRUE,FALSE,FALSE,FALSE,
7/13/2022,1898.97,1593.4827,67266.6396,66961.1523,651.7845,434.523,43452.3,57936.4,1409.310056,1847.499531,2291.793094,1828.255055,67195.92465,FALSE,FALSE,FALSE,FALSE,
7/14/2022,1443.1,1593.4827,66961.1523,67111.535,651.7845,434.523,43452.3,57936.4,1311.328243,1721.144514,2210.635295,1556.415075,67074.46737,FALSE,FALSE,FALSE,FALSE,
7/15/2022,736.74,1593.4827,67111.535,67968.2777,651.7845,434.523,43452.3,57936.4,778.976936,1277.68931,1938.795315,1470.036616,67844.83162,TRUE,FALSE,TRUE,FALSE,
7/16/2022,511.42,1593.4827,67968.2777,69050.3404,651.7845,434.523,43452.3,57936.4,642.9103927,990.3162112,1852.416856,1571.127694,69027.98539,TRUE,FALSE,TRUE,FALSE,
7/17/2022,954.73,1593.4827,69050.3404,69689.0931,651.7845,434.523,43452.3,57936.4,839.2576677,1249.899328,1953.507934,1870.201829,69965.81223,FALSE,FALSE,TRUE,FALSE,
7/18/2022,1849.72,1593.4827,69689.0931,69432.8558,651.7845,434.523,43452.3,57936.4,1371.250345,1858.098988,2252.582069,1854.218652,69693.59175,FALSE,FALSE,FALSE,FALSE,
7/19/2022,1613.92,1593.4827,69432.8558,69412.4185,651.7845,434.523,43452.3,57936.4,1422.489622,1892.556283,2236.598892,1841.04226,69659.97806,FALSE,FALSE,FALSE,FALSE,
7/20/2022,1562.57,1593.4827,69412.4185,69443.3312,651.7845,434.523,43452.3,57936.4,1428.965131,1815.040699,2223.4225,1759.12293,69608.97143,FALSE,FALSE,FALSE,FALSE,
7/21/2022,1581.44,1593.4827,69443.3312,69455.3739,651.7845,434.523,43452.3,57936.4,1280.800275,1717.463395,2141.50317,1500.219337,69362.11054,FALSE,FALSE,FALSE,FALSE,
7/22/2022,878.22,1593.4827,69455.3739,70170.6366,651.7845,434.523,43452.3,57936.4,831.5435386,1195.297719,1882.599577,1410.211277,69987.36518,TRUE,FALSE,FALSE,FALSE,
7/23/2022,1195.77,2517.1692,70170.6366,71492.0358,651.7845,434.523,43452.3,57936.4,627.2152191,882.9039214,1792.591517,1533.326191,70508.19279,TRUE,FALSE,FALSE,FALSE,
7/24/2022,1147.56,2517.1692,71492.0358,72861.645,651.7845,434.523,43452.3,57936.4,908.5805305,1206.948015,1915.706431,1853.144181,72197.61998,TRUE,FALSE,TRUE,FALSE,
7/25/2022,1543.7,2517.1692,72861.645,73835.1142,651.7845,434.523,43452.3,57936.4,1353.401322,1860.445859,2235.524421,1896.335367,73214.28037,TRUE,FALSE,FALSE,FALSE,
7/26/2022,1933.56,1593.4827,73835.1142,73495.0369,651.7845,434.523,43452.3,57936.4,1386.591689,1869.183602,2278.715607,1837.193684,73738.74788,FALSE,FALSE,FALSE,FALSE,
7/27/2022,1784.74,1593.4827,73495.0369,73303.7796,651.7845,434.523,43452.3,57936.4,1411.240959,1802.125044,2219.573924,1813.005423,73523.30232,FALSE,FALSE,FALSE,FALSE,
7/28/2022,1601.34,1593.4827,73303.7796,73295.9223,651.7845,434.523,43452.3,57936.4,1294.50676,1707.236404,2195.385663,1550.256882,73252.69648,FALSE,FALSE,FALSE,FALSE,
7/29/2022,939.01,2517.1692,73295.9223,74874.0815,651.7845,434.523,43452.3,57936.4,802.450345,1161.797998,1932.637122,1453.498372,73810.41067,TRUE,FALSE,FALSE,FALSE,
7/30/2022,835.25,2517.1692,74874.0815,76556.0007,651.7845,434.523,43452.3,57936.4,583.496468,885.3377167,1835.878612,1585.421422,75624.25292,TRUE,FALSE,TRUE,FALSE,
7/31/2022,981.97,2517.1692,76556.0007,78091.1999,651.7845,434.523,43452.3,57936.4,863.0640442,1232.251053,1967.801662,1864.002027,77438.03273,TRUE,TRUE,TRUE,TRUE,
8/1/2022,1824.56,1593.4827,78091.1999,77860.1226,1013.887,434.523,72420.5,86904.6,1262.587275,1826.667345,2246.382267,1874.287186,78140.92709,FALSE,FALSE,FALSE,FALSE,
8/2/2022,1858.1,1593.4827,77860.1226,77595.5053,1013.887,434.523,72420.5,86904.6,1318.349676,1789.588324,2256.667426,1879.462686,77881.48529,FALSE,FALSE,FALSE,FALSE,
8/3/2022,2252.15,1593.4827,77595.5053,76936.838,1013.887,434.523,72420.5,86904.6,1336.022047,1805.322877,2261.842926,1810.968141,77154.32344,TRUE,FALSE,TRUE,FALSE,
8/4/2022,1902.12,1593.4827,76936.838,76628.2007,1013.887,434.523,72420.5,86904.6,1209.967598,1711.669593,2193.348381,1575.601852,76610.31985,FALSE,FALSE,FALSE,FALSE,
8/5/2022,1166.42,1593.4827,76628.2007,77055.2634,1013.887,434.523,72420.5,86904.6,760.9695029,1238.148323,1957.982092,1517.906882,76979.68758,FALSE,FALSE,FALSE,FALSE,
8/6/2022,1049.05,2650.5357,77055.2634,78656.7491,1013.887,434.523,72420.5,86904.6,602.3518653,1011.742169,1900.287122,1579.947272,77586.16067,TRUE,FALSE,FALSE,FALSE,
8/7/2022,1432.62,2650.5357,78656.7491,79874.6648,1013.887,434.523,72420.5,86904.6,759.7991274,1322.025749,1962.327512,1865.78867,79089.91777,TRUE,FALSE,FALSE,FALSE,
8/8/2022,1749.11,2650.5357,79874.6648,80776.0905,1013.887,434.523,72420.5,86904.6,1349.908061,1914.147458,2248.16891,1930.553959,80056.10876,FALSE,FALSE,FALSE,FALSE,
8/9/2022,2109.63,1593.4827,80776.0905,80259.9432,1013.887,434.523,72420.5,86904.6,1400.69728,1897.177429,2312.934199,1921.159532,80587.62003,TRUE,FALSE,FALSE,FALSE,
8/10/2022,1791.03,1593.4827,80259.9432,80062.3959,1013.887,434.523,72420.5,86904.6,1423.570763,1857.590122,2303.539772,1831.392306,80300.30551,FALSE,FALSE,FALSE,FALSE,
8/11/2022,1508.07,1593.4827,80062.3959,80147.8086,1013.887,434.523,72420.5,86904.6,1280.240957,1784.576896,2213.772546,1585.816892,80140.14279,FALSE,FALSE,FALSE,FALSE,
8/12/2022,1111.93,1593.4827,80147.8086,80629.3613,1013.887,434.523,72420.5,86904.6,838.7812538,1353.425931,1968.197132,1516.528536,80552.40714,FALSE,FALSE,FALSE,FALSE,
8/13/2022,905.47,2650.5357,80629.3613,82374.427,1013.887,434.523,72420.5,86904.6,641.5226674,1061.247319,1898.908776,1577.304402,81301.1957,TRUE,FALSE,FALSE,FALSE,
8/14/2022,1073.15,2650.5357,82374.427,83951.8127,1013.887,434.523,72420.5,86904.6,965.7837447,1312.206892,1959.684642,1863.871812,83165.14881,TRUE,FALSE,FALSE,FALSE,
8/15/2022,1757.49,2650.5357,83951.8127,84844.8584,1013.887,434.523,72420.5,86904.6,1390.386387,1862.240929,2246.252052,1898.295746,84092.61845,FALSE,FALSE,FALSE,FALSE,
8/16/2022,1936.7,1593.4827,84844.8584,84501.6411,1013.887,434.523,72420.5,86904.6,1397.120733,1836.946396,2280.675986,1918.968922,84827.12732,FALSE,FALSE,FALSE,FALSE,
8/17/2022,1931.46,1593.4827,84501.6411,84163.6638,1013.887,434.523,72420.5,86904.6,1422.850876,1801.767871,2301.349162,1839.285625,84409.46673,FALSE,FALSE,FALSE,FALSE,
8/18/2022,1535.32,1593.4827,84163.6638,84221.8265,1013.887,434.523,72420.5,86904.6,1271.443428,1702.128972,2221.665865,1574.630931,84202.97473,FALSE,FALSE,FALSE,FALSE,
8/19/2022,1031.23,1593.4827,84221.8265,84784.0792,1013.887,434.523,72420.5,86904.6,805.2360953,1288.924012,1957.011171,1529.305442,84719.90194,FALSE,FALSE,FALSE,FALSE,
8/20/2022,812.2,2650.5357,84784.0792,86622.4149,1013.887,434.523,72420.5,86904.6,603.5472743,1030.608169,1911.685682,1591.542856,85563.42206,TRUE,FALSE,FALSE,FALSE,
8/21/2022,1313.14,2650.5357,86622.4149,87959.8106,1013.887,434.523,72420.5,86904.6,849.3293184,1277.350089,1973.923096,1868.521862,87177.79676,TRUE,FALSE,FALSE,FALSE,
8/22/2022,1808.85,2650.5357,87959.8106,88801.4963,1013.887,434.523,72420.5,86904.6,1352.620095,1855.229325,2250.902102,1931.297091,88082.25769,FALSE,FALSE,FALSE,FALSE,
8/23/2022,1861.25,1593.4827,88801.4963,88533.729,1013.887,434.523,72420.5,86904.6,1400.080545,1829.367082,2313.677331,1905.465899,88845.7122,FALSE,FALSE,FALSE,FALSE,
8/24/2022,1683.09,1593.4827,88533.729,88444.1217,1013.887,434.523,72420.5,86904.6,1418.566185,1809.959014,2287.846139,1819.549583,88670.18858,FALSE,FALSE,FALSE,FALSE,
8/25/2022,1834,1593.4827,88444.1217,88203.6044,1013.887,434.523,72420.5,86904.6,1268.921619,1700.709801,2201.929823,1574.630931,88184.75263,FALSE,FALSE,FALSE,FALSE,
8/26/2022,1204.15,1593.4827,88203.6044,88592.9371,1013.887,434.523,72420.5,86904.6,818.364108,1266.094244,1957.011171,1529.305442,88528.75984,FALSE,FALSE,FALSE,FALSE,
8/27/2022,889.75,2650.5357,88592.9371,90353.7228,1013.887,434.523,72420.5,86904.6,609.1618259,1018.845771,1911.685682,1590.715513,89293.90261,TRUE,FALSE,FALSE,FALSE,
8/28/2022,1107.73,2650.5357,90353.7228,91896.5285,1013.887,434.523,72420.5,86904.6,922.1712068,1287.374048,1973.095753,1877.957627,91123.95043,TRUE,FALSE,FALSE,FALSE,
8/29/2022,1934.61,2650.5357,91896.5285,92612.4542,1013.887,434.523,72420.5,86904.6,1345.189143,1840.006539,2260.337867,1921.231926,91883.15043,FALSE,FALSE,FALSE,FALSE,
8/30/2022,1903.17,1593.4827,92612.4542,92302.7669,1013.887,434.523,72420.5,86904.6,1395.511383,1835.269339,2303.612166,1905.465899,92614.7501,FALSE,FALSE,FALSE,FALSE,
8/31/2022,1940.9,1593.4827,92302.7669,91955.3496,1013.887,434.523,72420.5,86904.6,1418.566185,1803.421085,2287.846139,1830.335377,92192.20228,FALSE,TRUE,FALSE,TRUE,
9/1/2022,1533.23,1652.1637,91955.3496,92074.2833,1013.887,434.523,101388.7,115872.8,1195.495956,1706.084351,2212.715617,1544.42756,91966.54716,FALSE,FALSE,FALSE,FALSE,
9/2/2022,735.69,1652.1637,92074.2833,92990.757,1013.887,434.523,101388.7,115872.8,656.0109995,1288.066649,1926.8078,1426.05823,92764.65153,FALSE,FALSE,FALSE,FALSE,
9/3/2022,165.59,2636.326,92990.757,95461.493,1013.887,434.523,101388.7,115872.8,538.8124294,1023.171478,1808.43847,1582.768896,94407.9359,TRUE,FALSE,TRUE,FALSE,
9/4/2022,445.4,2636.326,95461.493,97652.419,1013.887,434.523,101388.7,115872.8,396.8189767,1156.670567,1965.149136,1882.045093,96898.13809,TRUE,FALSE,TRUE,FALSE,
9/5/2022,1109.84,2636.326,97652.419,99178.905,1013.887,434.523,101388.7,115872.8,968.6414899,1600.015706,2264.425333,1922.897325,98465.47633,TRUE,FALSE,FALSE,FALSE,
9/6/2022,2016.35,2636.326,99178.905,99798.881,1013.887,434.523,101388.7,115872.8,1329.06491,1898.714443,2305.277565,1922.856577,99085.41158,FALSE,FALSE,FALSE,FALSE,
9/7/2022,1561.52,1652.1637,99798.881,99889.5247,1013.887,434.523,101388.7,115872.8,1367.198925,1912.051868,2305.236817,1833.01728,100070.3783,FALSE,FALSE,FALSE,FALSE,
9/8/2022,1401.18,1652.1637,99889.5247,100140.5084,1013.887,434.523,101388.7,115872.8,1259.420758,1710.323603,2215.39752,1526.36748,100014.7122,FALSE,FALSE,FALSE,FALSE,
9/9/2022,1139.18,1652.1637,100140.5084,100653.4921,1013.887,434.523,101388.7,115872.8,801.5294371,1234.731542,1908.74772,1353.13708,100354.4655,FALSE,FALSE,FALSE,FALSE,
9/10/2022,1149.66,2636.326,100653.4921,102140.1581,1013.887,434.523,101388.7,115872.8,561.1962713,869.0390672,1735.51732,1531.233816,101035.0659,TRUE,FALSE,FALSE,FALSE,
9/11/2022,1322.58,2636.326,102140.1581,103453.9041,1013.887,434.523,101388.7,115872.8,894.175241,1195.176483,1913.614056,1833.789778,102651.3679,TRUE,FALSE,FALSE,FALSE,
9/12/2022,1864.39,2636.326,103453.9041,104225.8401,1013.887,434.523,101388.7,115872.8,1333.484521,1780.262852,2216.170018,1853.695156,103443.2093,FALSE,FALSE,FALSE,FALSE,
9/13/2022,1783.69,1652.1637,104225.8401,104094.3138,1013.887,434.523,101388.7,115872.8,1375.850399,1817.909445,2236.075396,1870.116472,104312.2666,FALSE,FALSE,FALSE,FALSE,
9/14/2022,1716.63,1652.1637,104094.3138,104029.8475,1013.887,434.523,101388.7,115872.8,1408.956832,1793.87547,2252.496712,1764.525205,104142.209,FALSE,FALSE,FALSE,FALSE,
9/15/2022,1513.32,1652.1637,104029.8475,104168.6912,1013.887,434.523,101388.7,115872.8,1290.437388,1678.444881,2146.905445,1498.163697,104014.6912,FALSE,FALSE,FALSE,FALSE,
9/16/2022,1141.27,1652.1637,104168.6912,104679.5849,1013.887,434.523,101388.7,115872.8,801.154253,1191.456131,1880.543937,1380.446252,104407.8675,FALSE,FALSE,FALSE,FALSE,
9/17/2022,948.44,2638.3082,104679.5849,106369.4531,1013.887,434.523,101388.7,115872.8,612.6420968,866.9166945,1762.826492,1538.437321,105269.5822,TRUE,FALSE,FALSE,FALSE,
9/18/2022,1407.46,2638.3082,106369.4531,107600.3013,1013.887,434.523,101388.7,115872.8,992.9818007,1237.011184,1920.817561,1867.049154,106829.0423,TRUE,FALSE,FALSE,FALSE,
9/19/2022,1846.57,2638.3082,107600.3013,108392.0395,1013.887,434.523,101388.7,115872.8,1448.066464,1871.102478,2249.429394,1902.106049,107655.8373,FALSE,FALSE,FALSE,FALSE,
9/20/2022,1815.13,1652.1637,108392.0395,108229.0732,1013.887,434.523,101388.7,115872.8,1428.008329,1869.499872,2284.486289,1890.757999,108467.6675,FALSE,FALSE,FALSE,FALSE,
9/21/2022,1708.24,1652.1637,108229.0732,108172.9969,1013.887,434.523,101388.7,115872.8,1411.148182,1820.393189,2273.138239,1781.971433,108302.8046,FALSE,FALSE,FALSE,FALSE,
9/22/2022,2072.94,1652.1637,108172.9969,107752.2206,1013.887,434.523,101388.7,115872.8,1288.803646,1721.650267,2164.351673,1518.805224,107618.8621,FALSE,FALSE,TRUE,FALSE,
9/23/2022,1389.64,1652.1637,107752.2206,108014.7443,1013.887,434.523,101388.7,115872.8,780.6994707,1244.921594,1901.185464,1401.087779,107763.6684,FALSE,FALSE,FALSE,FALSE,
9/24/2022,1233.5,2638.3082,108014.7443,109419.5525,1013.887,434.523,101388.7,115872.8,645.3596255,1040.637853,1783.468019,1562.372963,108343.6173,TRUE,FALSE,FALSE,FALSE,
9/25/2022,1325.72,2638.3082,109419.5525,110732.1407,1013.887,434.523,101388.7,115872.8,1069.286203,1365.329166,1944.753203,1886.315985,109980.1485,TRUE,FALSE,FALSE,FALSE,
9/26/2022,2072.94,2638.3082,110732.1407,111297.5089,1013.887,434.523,101388.7,115872.8,1394.799834,1928.24269,2268.696225,1922.402757,110581.6035,FALSE,FALSE,FALSE,FALSE,
9/27/2022,2106.48,1652.1637,111297.5089,110843.1926,1013.887,434.523,101388.7,115872.8,1459.077429,1912.326664,2304.782997,1943.13489,111134.1638,TRUE,FALSE,FALSE,FALSE,
9/28/2022,2111.73,1652.1637,110843.1926,110383.6263,1013.887,434.523,101388.7,115872.8,1461.689481,1877.246016,2325.51513,1857.579535,110589.0421,TRUE,FALSE,FALSE,FALSE,
9/29/2022,1652.7,1652.1637,110383.6263,110383.09,1013.887,434.523,101388.7,115872.8,1341.406599,1815.885536,2239.959775,1590.18558,110321.1119,FALSE,FALSE,FALSE,FALSE,
9/30/2022,1365.55,1652.1637,110383.09,110669.7037,1013.887,434.523,101388.7,115872.8,984.3049828,1470.455572,1972.56582,1541.995841,110559.5358,FALSE,FALSE,FALSE,FALSE,
10/1/2022,1307.9,2094.1943,110669.7037,111455.998,1013.887,434.523,123114.85,144841,794.1543203,1152.238757,1924.376081,1602.686093,110964.4898,FALSE,FALSE,FALSE,FALSE,
10/2/2022,1869.63,2094.1943,111455.998,111680.5623,1013.887,434.523,123114.85,144841,853.6631918,1413.234309,1985.066333,1917.401763,111503.7698,FALSE,FALSE,FALSE,FALSE,
10/3/2022,2257.4,2094.1943,111680.5623,111517.3566,1013.887,434.523,123114.85,144841,1363.062564,1958.410905,2299.782003,1932.529998,111355.6923,FALSE,FALSE,FALSE,FALSE,
10/4/2022,1991.272,2094.1943,111517.3566,111620.2789,1013.887,434.523,123114.85,144841,1417.62415,1986.286475,2314.910238,2180.109893,111706.1945,FALSE,FALSE,FALSE,FALSE,
10/5/2022,1604.49,2094.1943,111620.2789,112109.9832,1013.887,434.523,123114.85,144841,1436.678743,1933.66862,2320.406423,2708.169325,112723.9582,FALSE,FALSE,TRUE,FALSE,
10/6/2022,1625.44,2094.1943,112109.9832,112578.7375,1013.887,434.523,123114.85,144841,1240.19413,1833.550209,2226.194148,2150.061107,112634.6043,FALSE,FALSE,FALSE,FALSE,
10/7/2022,1332.01,2094.1943,112578.7375,113340.9218,1013.887,434.523,123114.85,144841,915.6190993,1455.230346,1960.655655,2402.496432,113649.2239,FALSE,FALSE,TRUE,FALSE,
10/8/2022,1255.51,2094.1943,113340.9218,114179.6061,1013.887,434.523,123114.85,144841,880.0571509,1188.335295,1926.602487,2208.240606,114293.6524,FALSE,FALSE,FALSE,FALSE,
10/9/2022,1606.58,2094.1943,114179.6061,114667.2204,1013.887,434.523,123114.85,144841,1047.206853,1342.81176,1991.723493,2449.155387,115022.1815,FALSE,FALSE,FALSE,FALSE,
10/10/2022,2217.57,2094.1943,114667.2204,114543.8447,1013.887,434.523,123114.85,144841,1207.421915,1835.123002,2374.25928,2442.341555,114891.992,FALSE,FALSE,FALSE,FALSE,
10/11/2022,2110.67,2094.1943,114543.8447,114527.369,1013.887,434.523,123114.85,144841,1441.739713,1906.481502,2398.911236,3027.214552,115460.3893,FALSE,FALSE,FALSE,FALSE,
10/12/2022,2151.55,2094.1943,114527.369,114470.0133,1013.887,434.523,123114.85,144841,1434.085242,1874.672496,2397.446188,2785.30755,115161.1266,FALSE,FALSE,FALSE,FALSE,
10/13/2022,1996.44,2094.1943,114470.0133,114567.7676,1013.887,434.523,123114.85,144841,1289.167123,1840.43439,2260.974138,2664.288455,115137.8618,FALSE,FALSE,FALSE,FALSE,
10/14/2022,1435.77,2094.1943,114567.7676,115226.1919,1013.887,434.523,123114.85,144841,932.0442932,1495.528694,1962.602993,1553.720972,114685.7186,FALSE,FALSE,FALSE,FALSE,
10/15/2022,1060.58,2094.1943,115226.1919,116259.8062,1013.887,434.523,123114.85,144841,844.4265571,1244.395792,1936.101212,1619.2082,115784.8201,TRUE,FALSE,FALSE,FALSE,
10/16/2022,1709.28,2094.1943,116259.8062,116644.7205,1013.887,434.523,123114.85,144841,1101.695751,1523.268256,2001.58844,2009.485859,116560.0121,FALSE,FALSE,FALSE,FALSE,
10/17/2022,2446.03,2094.1943,116644.7205,116292.8848,1013.887,434.523,123114.85,144841,1409.573273,2031.748919,2391.866099,2035.695112,116234.3856,FALSE,FALSE,FALSE,FALSE,
10/18/2022,2157.83,2094.1943,116292.8848,116229.2491,1013.887,434.523,123114.85,144841,1469.583235,2015.551373,2418.075352,2044.150332,116179.2051,FALSE,FALSE,FALSE,FALSE,
10/19/2022,2225.95,2094.1943,116229.2491,116097.4934,1013.887,434.523,123114.85,144841,1446.789934,2020.626719,2426.530572,1909.309375,115912.6085,FALSE,FALSE,FALSE,FALSE,
10/20/2022,2003.78,2688.8543,116097.4934,116782.5677,1013.887,434.523,123114.85,144841,1323.868986,1918.959577,2291.689615,1657.643048,115751.3564,FALSE,FALSE,FALSE,FALSE,
10/21/2022,1350.87,2688.8543,116782.5677,118120.552,1013.887,434.523,123114.85,144841,1033.174178,1529.11853,2040.023288,2285.810169,117717.5079,TRUE,FALSE,FALSE,FALSE,
10/22/2022,1018.66,2718.5873,118120.552,119820.4793,1013.887,434.523,123114.85,144841,980.894244,1260.547878,2012.99786,2215.820523,119317.7125,TRUE,FALSE,TRUE,FALSE,
10/23/2022,1609.73,2718.5873,119820.4793,120929.3366,1013.887,434.523,123114.85,144841,1149.444119,1537.908787,2066.838784,2184.849951,120395.5993,TRUE,FALSE,FALSE,FALSE,
10/24/2022,2284.64,2718.5873,120929.3366,121363.2839,1013.887,434.523,123114.85,144841,1461.527028,2108.488984,2421.919134,2426.778163,121071.4748,FALSE,FALSE,FALSE,FALSE,
10/25/2022,2049.89,2724.5339,121363.2839,122037.9278,1013.887,434.523,123114.85,144841,1567.457218,2069.773435,2427.857697,3229.652565,122543.0465,FALSE,FALSE,TRUE,FALSE,
10/26/2022,2322.37,2724.5339,122037.9278,122440.0917,1013.887,434.523,123114.85,144841,1553.311711,2055.419364,2561.760662,2707.961574,122423.5194,FALSE,FALSE,FALSE,FALSE,
10/27/2022,2075.03,2724.5339,122440.0917,123089.5956,1013.887,434.523,123114.85,144841,1436.009551,1939.758347,2408.722636,2818.611884,123183.6736,FALSE,FALSE,FALSE,FALSE,
10/28/2022,1640.12,2724.5339,123089.5956,124174.0095,1013.887,434.523,123114.85,144841,1099.614608,1543.785967,2093.85492,2862.283861,124311.7595,TRUE,FALSE,TRUE,FALSE,
10/29/2022,1247.12,2724.5339,124174.0095,125651.4234,1013.887,434.523,123114.85,144841,1025.331195,1299.947458,2069.999181,2509.199756,125436.0893,TRUE,FALSE,TRUE,FALSE,
10/30/2022,1782.65,2724.5339,125651.4234,126593.3073,1013.887,434.523,123114.85,144841,1250.71275,1556.523813,2127.969337,2484.959323,126353.7327,FALSE,FALSE,FALSE,FALSE,
10/31/2022,2245.87,2724.5339,126593.3073,127071.9712,1013.887,434.523,123114.85,144841,1591.082617,2162.296183,2554.69906,2070.919276,126418.3566,FALSE,FALSE,FALSE,FALSE,
11/1/2022,2389.44,2180.42,127071.9712,126862.9512,434.523,579.364,108630.75,130356.9,1553.875935,2208.698276,2563.378676,2085.548689,126768.0799,FALSE,FALSE,FALSE,FALSE,-209.02
11/2/2022,2271.02,2180.42,126862.9512,126772.3512,434.523,579.364,108630.75,130356.9,1509.301742,2174.796521,2578.008089,1964.884683,126556.8159,FALSE,FALSE,FALSE,FALSE,
11/3/2022,1629.64,2180.42,126772.3512,127323.1312,434.523,579.364,108630.75,130356.9,1405.85534,2078.073137,2457.344083,1648.174096,126790.8853,TRUE,FALSE,FALSE,FALSE,
11/4/2022,1255.5,2180.42,127323.1312,128248.0512,434.523,579.364,108630.75,130356.9,1217.968272,1718.495606,2140.633496,1544.129735,127611.7609,TRUE,FALSE,FALSE,FALSE,
11/5/2022,981.97,2180.42,128248.0512,129446.5012,434.523,579.364,108630.75,130356.9,1165.377634,1446.341689,2036.589135,1620.121035,128886.2022,TRUE,FALSE,TRUE,FALSE,
11/6/2022,1621.26,2180.42,129446.5012,130005.6612,434.523,579.364,108630.75,130356.9,1253.884237,1586.827312,2112.580435,2021.231416,129846.4726,TRUE,FALSE,FALSE,FALSE,
11/7/2022,2547.68,2180.42,130005.6612,129638.4012,434.523,579.364,108630.75,130356.9,1539.098401,2215.076978,2513.690816,2055.71681,129513.698,FALSE,FALSE,FALSE,FALSE,
11/8/2022,2556.08,2180.42,129638.4012,129262.7412,434.523,579.364,108630.75,130356.9,1567.017471,2186.528618,2548.17621,2096.834577,129179.1558,FALSE,FALSE,FALSE,FALSE,
11/9/2022,2033.12,2180.42,129262.7412,129410.0412,434.523,579.364,108630.75,130356.9,1556.348198,2228.099936,2589.293977,1931.606956,129161.2282,FALSE,FALSE,FALSE,FALSE,
11/10/2022,2203.94,2180.42,129410.0412,129386.5212,434.523,579.364,108630.75,130356.9,1222.130542,1967.208758,2424.066356,1612.653257,128818.7545,FALSE,FALSE,TRUE,FALSE,
11/11/2022,1430.51,2180.42,129386.5212,130136.4312,434.523,579.364,108630.75,130356.9,940.7546308,1452.7188,2105.112657,1569.452598,129525.4638,TRUE,FALSE,FALSE,FALSE,
11/12/2022,1188.44,2180.42,130136.4312,131128.4112,434.523,579.364,108630.75,130356.9,1182.509123,1530.744967,2061.911998,1696.076554,130644.0678,TRUE,FALSE,TRUE,FALSE,
11/13/2022,1358.21,2180.42,131128.4112,131950.6212,434.523,579.364,108630.75,130356.9,1279.360443,1734.118684,2188.535954,2095.416496,131865.6177,TRUE,FALSE,TRUE,FALSE,
11/14/2022,2213.37,2180.42,131950.6212,131917.6712,434.523,579.364,108630.75,130356.9,1601.67382,2277.604238,2587.875896,2094.255647,131831.5068,FALSE,FALSE,FALSE,FALSE,
11/15/2022,2435.55,2180.42,131917.6712,131662.5412,434.523,579.364,108630.75,130356.9,1586.616009,2252.151716,2586.715047,2082.236024,131564.3572,FALSE,FALSE,FALSE,FALSE,
11/16/2022,2358,2180.42,131662.5412,131484.9612,434.523,579.364,108630.75,130356.9,1536.761075,2169.511546,2574.695424,1953.022273,131257.5635,FALSE,FALSE,FALSE,FALSE,
11/17/2022,2684.97,2180.42,131484.9612,130980.4112,434.523,579.364,108630.75,130356.9,1486.301311,2061.488481,2445.481673,1668.090346,130468.0815,FALSE,FALSE,TRUE,FALSE,
11/18/2022,1743.88,2180.42,130980.4112,131416.9512,434.523,579.364,108630.75,130356.9,1271.792845,1724.105875,2160.549746,1599.895533,130836.4267,TRUE,FALSE,FALSE,FALSE,
11/19/2022,1505.98,2180.42,131416.9512,132091.3912,434.523,579.364,108630.75,130356.9,1161.888484,1521.273261,2092.354933,1735.573712,131646.5449,TRUE,FALSE,FALSE,FALSE,
11/20/2022,1426.32,2180.42,132091.3912,132845.4912,434.523,579.364,108630.75,130356.9,1273.367708,1789.834135,2228.033112,2107.29272,132772.3639,TRUE,FALSE,TRUE,FALSE,
11/21/2022,2171.46,2180.42,132845.4912,132854.4512,434.523,579.364,108630.75,130356.9,1577.787569,2280.502297,2599.75212,2094.799963,132768.8312,FALSE,FALSE,FALSE,FALSE,
11/22/2022,1713.48,2180.42,132854.4512,133321.3912,434.523,579.364,108630.75,130356.9,1479.495249,2247.308616,2587.259363,2091.086723,133232.0579,TRUE,FALSE,FALSE,FALSE,
11/23/2022,652.9,2180.42,133321.3912,134848.9112,434.523,579.364,108630.75,130356.9,923.7822792,2106.383607,2583.546123,2023.408274,134691.8995,TRUE,FALSE,TRUE,FALSE,
11/24/2022,374.14,2180.42,134848.9112,136655.1912,434.523,579.364,108630.75,130356.9,716.0783365,1918.627459,2515.867674,1627.978168,136102.7494,TRUE,FALSE,TRUE,FALSE,
11/25/2022,395.09,2180.42,136655.1912,138440.5212,434.523,579.364,108630.75,130356.9,877.525771,1587.71872,2120.437568,1510.992654,137771.0939,TRUE,FALSE,TRUE,FALSE,
11/26/2022,706.35,2180.42,138440.5212,139914.5912,434.523,579.364,108630.75,130356.9,794.5065972,1182.595372,2003.452054,1724.6807,139458.8519,TRUE,FALSE,TRUE,FALSE,
11/27/2022,1196.82,2180.42,139914.5912,140898.1912,434.523,579.364,108630.75,130356.9,1033.135702,1525.357329,2217.1401,2097.498189,140815.2694,TRUE,FALSE,TRUE,FALSE,
11/28/2022,2302.46,2180.42,140898.1912,140776.1512,434.523,579.364,108630.75,130356.9,1504.151786,2230.747149,2589.957589,2070.187267,140665.9185,FALSE,FALSE,FALSE,FALSE,
11/29/2022,2415.64,2180.42,140776.1512,140540.9312,434.523,579.364,108630.75,130356.9,1463.581201,2215.78078,2562.646667,2051.746507,140412.2577,FALSE,FALSE,FALSE,FALSE,
11/30/2022,2535.11,2180.42,140540.9312,140186.2412,434.523,579.364,108630.75,130356.9,1450.478933,2153.148176,2544.205907,1459.269013,139465.0902,FALSE,TRUE,TRUE,TRUE,
12/1/2022,2372.67,1279.5101,140186.2412,139093.0813,434.523,1231.1485,79662.55,101388.7,1522.625681,2013.179299,2505.745238,1226.657782,139040.229,FALSE,FALSE,FALSE,FALSE,
12/2/2022,1533.22,1279.5101,139093.0813,138839.3714,434.523,1231.1485,79662.55,101388.7,1079.67997,1481.72965,2273.134007,1118.436411,138678.2977,FALSE,FALSE,FALSE,FALSE,
12/3/2022,1313.15,1279.5101,138839.3714,138805.7315,434.523,1231.1485,79662.55,101388.7,884.4082927,1157.671267,2164.912636,1176.476784,138702.6982,FALSE,FALSE,FALSE,FALSE,
12/4/2022,1460.86,1279.5101,138805.7315,138624.3816,434.523,1231.1485,79662.55,101388.7,1024.760687,1472.182117,2222.953009,1504.478436,138849.3499,FALSE,FALSE,FALSE,FALSE,
12/5/2022,2377.05,1279.5101,138624.3816,137526.8417,434.523,1231.1485,79662.55,101388.7,1502.627756,2063.874347,2550.954661,1513.446793,137760.7784,FALSE,FALSE,FALSE,FALSE,
12/6/2022,2318.4,1279.5101,137526.8417,136487.9518,434.523,1231.1485,79662.55,101388.7,1558.239221,2109.926811,2559.923018,1539.785552,136748.2273,FALSE,FALSE,FALSE,FALSE,
12/7/2022,2289.09,1279.5101,136487.9518,135478.3719,434.523,1231.1485,79662.55,101388.7,1536.109021,2102.859079,2586.261777,1491.001062,135689.8629,FALSE,FALSE,FALSE,FALSE,
12/8/2022,1845.2,1279.5101,135478.3719,134912.682,434.523,1231.1485,79662.55,101388.7,1448.016807,1979.457422,2537.477287,1259.273905,134892.4458,FALSE,FALSE,FALSE,FALSE,
12/9/2022,1242.07,1279.5101,134912.682,134950.1221,434.523,1231.1485,79662.55,101388.7,1169.346772,1522.370985,2305.75013,1145.4981,134816.1101,FALSE,FALSE,FALSE,FALSE,
12/10/2022,856.65,1279.5101,134950.1221,135372.9822,434.523,1231.1485,79662.55,101388.7,1055.526241,1244.539972,2191.974325,1143.491472,135236.9636,FALSE,FALSE,FALSE,FALSE,
12/11/2022,1162.46,1279.5101,135372.9822,135490.0323,434.523,1231.1485,79662.55,101388.7,1134.40825,1453.715965,2189.967697,1450.610445,135661.1326,FALSE,FALSE,FALSE,FALSE,
12/12/2022,2385.42,1279.5101,135490.0323,134384.1224,434.523,1231.1485,79662.55,101388.7,1536.334043,2002.204168,2497.08667,1494.316946,134598.9292,FALSE,FALSE,FALSE,FALSE,
12/13/2022,2335.19,1279.5101,134384.1224,133328.4425,434.523,1231.1485,79662.55,101388.7,1569.556711,2029.208275,2540.793171,1503.140854,133552.0733,FALSE,FALSE,FALSE,FALSE,
12/14/2022,1989.64,1279.5101,133328.4425,132618.3126,434.523,1231.1485,79662.55,101388.7,1598.373439,2012.845997,2549.617079,1430.038478,132768.841,FALSE,FALSE,FALSE,FALSE,
12/15/2022,2482.81,1279.5101,132618.3126,131415.0127,434.523,1231.1485,79662.55,101388.7,1446.979302,1842.537838,2476.514703,1182.185547,131317.6881,FALSE,FALSE,TRUE,FALSE,
12/16/2022,1550.96,1279.5101,131415.0127,131143.5628,434.523,1231.1485,79662.55,101388.7,986.347407,1326.812931,2228.661772,1125.706432,130989.7591,FALSE,FALSE,FALSE,FALSE,
12/17/2022,1277.6,1279.5101,131143.5628,131145.4729,434.523,1231.1485,79662.55,101388.7,871.5938733,1069.680727,2172.182657,1213.677992,131079.6408,FALSE,FALSE,FALSE,FALSE,
12/18/2022,1642.08,1279.5101,131145.4729,130782.903,434.523,1231.1485,79662.55,101388.7,1183.361667,1632.157554,2260.154217,1472.008302,130975.4012,FALSE,FALSE,FALSE,FALSE,
12/19/2022,2433.64,1279.5101,130782.903,129628.7731,434.523,1231.1485,79662.55,101388.7,1614.727952,2251.740603,2518.484527,1482.143084,129831.4061,FALSE,FALSE,FALSE,FALSE,
12/20/2022,2223.21,1279.5101,129628.7731,128685.0732,434.523,1231.1485,79662.55,101388.7,1665.534097,2240.022769,2528.619309,1533.35639,128938.9195,FALSE,FALSE,FALSE,FALSE,
12/21/2022,1901.77,1279.5101,128685.0732,128062.8133,434.523,1231.1485,79662.55,101388.7,1568.628292,2222.839816,2579.832615,1440.806734,128224.1099,FALSE,FALSE,FALSE,FALSE,
12/22/2022,1622.3,1279.5101,128062.8133,127720.0234,434.523,1231.1485,79662.55,101388.7,1431.341369,1963.545305,2487.282959,1232.201219,127672.7145,FALSE,FALSE,FALSE,FALSE,
12/23/2022,1446.29,1279.5101,127720.0234,127553.2435,434.523,1231.1485,79662.55,101388.7,822.0429259,1547.7099,2278.677444,1128.651521,127402.3849,FALSE,FALSE,FALSE,FALSE,
12/24/2022,1340.46,1279.5101,127553.2435,127492.2936,434.523,1231.1485,79662.55,101388.7,796.9355427,1309.286889,2175.127746,1118.632587,127331.4161,FALSE,FALSE,FALSE,FALSE,
12/25/2022,1385.47,1279.5101,127492.2936,127386.3337,434.523,1231.1485,79662.55,101388.7,1071.993311,1418.030132,2165.108812,1497.304176,127604.1278,FALSE,FALSE,FALSE,FALSE,
12/26/2022,1875.46,1279.5101,127386.3337,126790.3838,434.523,1231.1485,79662.55,101388.7,1121.796949,2006.911103,2543.780401,1498.464095,127009.3378,FALSE,FALSE,FALSE,FALSE,
12/27/2022,2769.7,1279.5101,126790.3838,125300.1939,434.523,1231.1485,79662.55,101388.7,1245.158666,2121.03901,2544.94032,1512.41315,125533.0969,TRUE,FALSE,TRUE,FALSE,
12/28/2022,2366.59,1279.5101,125300.1939,124213.114,434.523,1231.1485,79662.55,101388.7,1286.221331,2035.033507,2558.889375,1445.006068,124378.61,FALSE,FALSE,FALSE,FALSE,
12/29/2022,2052.43,1279.5101,124213.114,123440.1941,434.523,1231.1485,79662.55,101388.7,1199.499141,1949.484406,2491.482293,1107.812685,123268.4967,FALSE,FALSE,FALSE,FALSE,
12/30/2022,1305.91,1279.5101,123440.1941,123413.7942,434.523,1231.1485,79662.55,101388.7,914.9180449,1526.28782,2154.28891,1124.528287,123258.8124,FALSE,FALSE,FALSE,FALSE,
12/31/2022,1058,1279.5101,123413.7942,123635.3043,434.523,1231.1485,79662.55,101388.7,1037.689455,1376.667867,2171.004512,939.1257711,123294.92,FALSE,TRUE,FALSE,TRUE,
1/1/2023,1529.66,1358.7981,123635.3043,123464.4424,434.523,1448.41,50694.35,65178.45,1040.79107,1426.022284,2170.274271,1323.633859,123429.2782,FALSE,FALSE,FALSE,FALSE,
1/2/2023,2507.28,1358.7981,123464.4424,122315.9605,434.523,1448.41,50694.35,65178.45,1345.060288,2106.417115,2554.782359,1358.395858,122315.5583,FALSE,FALSE,FALSE,FALSE,
1/3/2023,2617.84,1358.7981,122315.9605,121056.9186,434.523,1448.41,50694.35,65178.45,1699.828829,2325.404575,2589.544358,1422.293417,121120.4139,FALSE,FALSE,FALSE,FALSE,
1/4/2023,2440.89,1358.7981,121056.9186,119974.8267,434.523,1448.41,50694.35,65178.45,1739.965809,2349.977161,2653.441917,1358.93627,119974.9649,FALSE,FALSE,FALSE,FALSE,
1/5/2023,2398.05,1358.7981,119974.8267,118935.5748,434.523,1448.41,50694.35,65178.45,1612.064471,2247.98491,2590.08477,974.3372994,118551.114,FALSE,FALSE,FALSE,FALSE,
1/6/2023,1536.43,1358.7981,118935.5748,118757.9429,434.523,1448.41,50694.35,65178.45,1375.042381,1822.607519,2205.485799,873.6060918,118272.7509,FALSE,FALSE,FALSE,FALSE,
1/7/2023,1412.046,1358.7981,118757.9429,118704.695,434.523,1448.41,50694.35,65178.45,1214.30602,1611.617313,2104.754592,1037.445392,118383.3423,FALSE,FALSE,FALSE,FALSE,
1/8/2023,1897.21,1358.7981,118704.695,118166.2831,434.523,1448.41,50694.35,65178.45,1355.759475,1874.818085,2268.593892,1361.512294,118168.9973,FALSE,FALSE,FALSE,FALSE,
1/9/2023,2305.38,1358.7981,118166.2831,117219.7012,434.523,1448.41,50694.35,65178.45,1774.301867,2311.443703,2592.660794,1369.321129,117230.2242,FALSE,FALSE,FALSE,FALSE,
1/10/2023,2323.19,1358.7981,117219.7012,116255.3093,434.523,1448.41,50694.35,65178.45,1831.629908,2337.960519,2600.469629,1394.634898,116291.1461,FALSE,FALSE,FALSE,FALSE,
1/11/2023,2118.16,1358.7981,116255.3093,115495.9474,434.523,1448.41,50694.35,65178.45,1766.904828,2257.606543,2625.783398,1335.278601,115472.4279,FALSE,FALSE,FALSE,FALSE,
1/12/2023,1753.11,1358.7981,115495.9474,115101.6355,434.523,1448.41,50694.35,65178.45,1577.113791,2204.066475,2566.427101,966.8334459,114709.6708,FALSE,FALSE,FALSE,FALSE,
1/13/2023,1729.43,1358.7981,115101.6355,114731.0036,434.523,1448.41,50694.35,65178.45,1304.607199,1732.995223,2197.981946,857.7106428,114229.9161,FALSE,FALSE,FALSE,FALSE,
1/14/2023,1301.82,3836.5481,114731.0036,117265.7317,434.523,1448.41,50694.35,65178.45,1136.971644,1484.411194,2088.859143,989.0868701,114418.2705,TRUE,FALSE,FALSE,FALSE,
1/15/2023,2108.5,3836.5481,117265.7317,118993.7798,434.523,1448.41,50694.35,65178.45,1351.908222,1662.404991,2220.23537,1348.669973,116505.9017,TRUE,FALSE,FALSE,FALSE,
1/16/2023,2304.66,3836.5481,118993.7798,120525.6679,434.523,1448.41,50694.35,65178.45,1521.004994,2179.739913,2579.818473,1341.734114,118030.8539,TRUE,FALSE,FALSE,FALSE,
1/17/2023,2296.4,3835.557,120525.6679,122064.8249,434.523,1448.41,50694.35,65178.45,1698.132815,2306.074227,2572.882614,1347.827414,119577.0953,TRUE,FALSE,FALSE,FALSE,
1/18/2023,1812.66,1358.7981,122064.8249,121610.963,434.523,1448.41,50694.35,65178.45,1709.042193,2205.633195,2578.975914,1300.010961,121552.1759,FALSE,FALSE,FALSE,FALSE,
1/19/2023,1927.44,1358.7981,121610.963,121042.3211,434.523,1448.41,50694.35,65178.45,1586.83336,2150.569412,2531.159461,951.9219559,120635.445,FALSE,FALSE,FALSE,FALSE,
1/20/2023,1303.91,1358.7981,121042.3211,121097.2092,434.523,1448.41,50694.35,65178.45,1355.205922,1716.348653,2183.070456,868.6378156,120607.0489,FALSE,FALSE,FALSE,FALSE,
1/21/2023,1621.56,1358.7981,121097.2092,120834.4473,434.523,1448.41,50694.35,65178.45,1207.205162,1535.245014,2099.786316,926.4047487,120402.0539,FALSE,FALSE,FALSE,FALSE,
1/22/2023,1937.77,1358.7981,120834.4473,120255.4754,434.523,1448.41,50694.35,65178.45,1364.543824,1590.392378,2157.553249,1346.647399,120243.3247,FALSE,FALSE,FALSE,FALSE,
1/23/2023,2356.97,1358.7981,120255.4754,119257.3035,434.523,1448.41,50694.35,65178.45,1730.42214,2270.594808,2577.795899,1353.903094,119252.4085,FALSE,FALSE,FALSE,FALSE,
1/24/2023,2255.2,1358.7981,119257.3035,118360.9016,434.523,1448.41,50694.35,65178.45,1724.862399,2234.705776,2585.051594,1333.99852,118336.102,FALSE,FALSE,FALSE,FALSE,
1/25/2023,2165.64,1358.7981,118360.9016,117554.0597,434.523,1448.41,50694.35,65178.45,1697.44328,2138.224154,2565.14702,1291.074631,117486.3362,FALSE,FALSE,FALSE,FALSE,
1/26/2023,2272.65,1358.7981,117554.0597,116640.2078,434.523,1448.41,50694.35,65178.45,1564.442352,2125.88692,2522.223131,965.1546785,116246.5644,FALSE,FALSE,FALSE,FALSE,
1/27/2023,1593.44,1358.7981,116640.2078,116405.5659,434.523,1448.41,50694.35,65178.45,1369.398859,1739.805179,2196.303179,882.8049199,115929.5727,FALSE,FALSE,FALSE,FALSE,
1/28/2023,1429.69,1358.7981,116405.5659,116334.674,434.523,1448.41,50694.35,65178.45,1203.246675,1526.907874,2113.95342,1037.467272,116013.3432,FALSE,FALSE,FALSE,FALSE,
1/29/2023,2020.91,1358.7981,116334.674,115672.5621,434.523,1448.41,50694.35,65178.45,1365.69195,1705.596057,2268.615772,1344.690302,115658.4543,FALSE,FALSE,FALSE,FALSE,
1/30/2023,2644.24,1358.7981,115672.5621,114387.1202,434.523,1448.41,50694.35,65178.45,1682.633295,2216.02573,2575.838802,1335.036486,114363.3586,FALSE,FALSE,FALSE,FALSE,
1/31/2023,2575.74,1358.7981,114387.1202,113170.1783,434.523,1448.41,50694.35,65178.45,1690.099695,2200.015733,2566.184986,1548.012025,113359.3922,FALSE,TRUE,FALSE,TRUE,
2/1/2023,2392.2,1416.2819,113170.1783,112194.2602,434.523,1231.1485,14484.1,36210.25,1631.778842,2137.054374,2594.48825,1499.524431,112277.5027,FALSE,FALSE,FALSE,FALSE,
2/2/2023,2199.74,1416.2819,112194.2602,111410.8021,434.523,1231.1485,14484.1,36210.25,1534.97085,2160.988417,2546.000656,1197.282635,111191.8028,FALSE,FALSE,FALSE,FALSE,
2/3/2023,1745.77,1416.2819,111410.8021,111081.314,434.523,1231.1485,14484.1,36210.25,1324.583304,1769.645581,2243.75886,1183.62962,110848.6617,FALSE,FALSE,FALSE,FALSE,
2/4/2023,1592.01,1416.2819,111081.314,110905.5859,434.523,1231.1485,14484.1,36210.25,1132.992822,1480.880436,2230.105845,1269.758035,110759.062,FALSE,FALSE,FALSE,FALSE,
2/5/2023,2004.13,1416.2819,110905.5859,110317.7378,434.523,1231.1485,14484.1,36210.25,1371.90218,1824.239312,2316.23426,1665.869703,110567.3256,FALSE,FALSE,FALSE,FALSE,
2/6/2023,2321.08,1416.2819,110317.7378,109412.9397,434.523,1231.1485,14484.1,36210.25,1792.101936,2365.309653,2712.345928,1598.418191,109595.076,FALSE,FALSE,FALSE,FALSE,
2/7/2023,2194.51,1416.2819,109412.9397,108634.7116,434.523,1231.1485,14484.1,36210.25,1734.633438,2343.26813,2644.894416,1569.83789,108788.2676,FALSE,FALSE,FALSE,FALSE,
2/8/2023,2035.52,1416.2819,108634.7116,108015.4735,434.523,1231.1485,14484.1,36210.25,1688.659221,2159.173779,2616.314115,1511.483987,108110.6756,FALSE,FALSE,FALSE,FALSE,
2/9/2023,2341.99,1416.2819,108015.4735,107089.7654,434.523,1231.1485,14484.1,36210.25,1505.536125,2072.736022,2557.960212,1209.510775,106882.9943,FALSE,FALSE,FALSE,FALSE,
2/10/2023,1627.57,1416.2819,107089.7654,106878.4773,434.523,1231.1485,14484.1,36210.25,1283.356335,1725.581943,2255.987,1186.244271,106648.4397,FALSE,FALSE,FALSE,FALSE,
2/11/2023,1243.7,1416.2819,106878.4773,107051.0592,434.523,1231.1485,14484.1,36210.25,1158.614767,1495.584279,2232.720496,1261.359866,106896.1372,FALSE,FALSE,FALSE,FALSE,
2/12/2023,1690.34,1416.2819,107051.0592,106777.0011,434.523,1231.1485,14484.1,36210.25,1347.96144,1732.343686,2307.836091,1541.063382,106901.7826,FALSE,FALSE,FALSE,FALSE,
2/13/2023,1914.18,1416.2819,106777.0011,106279.103,434.523,1231.1485,14484.1,36210.25,1689.051321,2214.652249,2587.539607,1532.920709,106395.7418,FALSE,FALSE,FALSE,FALSE,
2/14/2023,1937.19,1416.2819,106279.103,105758.1949,434.523,1231.1485,14484.1,36210.25,1695.815661,2174.211352,2579.396934,1528.195259,105870.1083,FALSE,FALSE,FALSE,FALSE,
2/15/2023,2090.95,1416.2819,105758.1949,105083.5268,434.523,1231.1485,14484.1,36210.25,1620.055959,2054.058227,2574.671484,1417.823076,105085.068,FALSE,FALSE,FALSE,FALSE,
2/16/2023,1976.94,1416.2819,105083.5268,104522.8687,434.523,1231.1485,14484.1,36210.25,1437.633094,1929.780902,2464.299301,1054.596073,104161.1829,FALSE,FALSE,FALSE,FALSE,
2/17/2023,1583.65,1416.2819,104522.8687,104355.5006,434.523,1231.1485,14484.1,36210.25,1093.800405,1626.817229,2101.072298,1015.004827,103954.2235,FALSE,FALSE,FALSE,FALSE,
2/18/2023,1401.64,1416.2819,104355.5006,104370.1425,434.523,1231.1485,14484.1,36210.25,979.4656769,1382.43459,2061.481052,1105.282108,104059.1427,FALSE,FALSE,FALSE,FALSE,
2/19/2023,1634.9,1416.2819,104370.1425,104151.5244,434.523,1231.1485,14484.1,36210.25,1202.981252,1506.73501,2151.758333,1454.573173,104189.8157,FALSE,FALSE,FALSE,FALSE,
2/20/2023,2108.74,1416.2819,104151.5244,103459.0663,434.523,1231.1485,14484.1,36210.25,1487.691145,1959.09533,2501.049398,1451.591671,103494.3761,FALSE,FALSE,FALSE,FALSE,
2/21/2023,1982.17,1416.2819,103459.0663,102893.1782,434.523,1231.1485,14484.1,36210.25,1664.051172,2024.78697,2498.067896,1465.65426,102942.5506,FALSE,FALSE,FALSE,FALSE,
2/22/2023,2514.613,1416.2819,102893.1782,101794.8471,434.523,1231.1485,14484.1,36210.25,1676.036527,2027.905068,2512.130485,1361.405453,101739.9707,FALSE,FALSE,FALSE,FALSE,
2/23/2023,2021.91,1416.2819,101794.8471,101189.219,434.523,1231.1485,14484.1,36210.25,1499.092776,1956.574497,2407.881678,1072.620159,100845.5573,FALSE,FALSE,FALSE,FALSE,
2/24/2023,1719.63,1416.2819,101189.219,100885.8709,434.523,1231.1485,14484.1,36210.25,1154.101354,1627.412018,2119.096384,1033.028913,100502.6179,FALSE,FALSE,FALSE,FALSE,
2/25/2023,1282.4,1416.2819,100885.8709,101019.7528,434.523,1231.1485,14484.1,36210.25,1123.00331,1430.304034,2079.505138,1119.643108,100723.114,FALSE,FALSE,FALSE,FALSE,
2/26/2023,1177.8,1416.2819,101019.7528,101258.2347,434.523,1231.1485,14484.1,36210.25,1323.208124,1631.94698,2166.119333,1474.418291,101316.3711,FALSE,FALSE,FALSE,FALSE,
2/27/2023,1753.1,1416.2819,101258.2347,100921.4166,434.523,1231.1485,14484.1,36210.25,1665.943154,2135.590153,2520.894516,1450.703049,100955.8377,FALSE,FALSE,FALSE,FALSE,
2/28/2023,2166.27,1416.2819,100921.4166,100171.4285,434.523,1231.1485,14484.1,36210.25,1654.946513,2091.826311,2497.179274,1785.794704,100540.9413,FALSE,TRUE,FALSE,TRUE,
3/1/2023,2156.85,594.66,100171.4285,98609.2385,434.523,869.046,0,14484.1,1589.225828,2036.436514,2524.483804,1714.493927,99729.07243,TRUE,FALSE,FALSE,FALSE,
3/2/2023,2077.36,594.66,98609.2385,97126.5385,434.523,869.046,0,14484.1,1496.215138,1981.727624,2453.183027,1338.142251,97870.02075,TRUE,FALSE,FALSE,FALSE,
3/3/2023,1805.39,594.66,97126.5385,95915.8085,434.523,869.046,0,14484.1,1135.716245,1590.363127,2076.831351,1316.633783,96637.78228,TRUE,FALSE,FALSE,FALSE,
3/4/2023,1226.96,594.66,95915.8085,95283.5085,434.523,869.046,0,14484.1,935.5867745,1397.764867,2055.322883,1417.443805,96106.2923,FALSE,FALSE,FALSE,FALSE,
3/5/2023,1611.89,594.66,95283.5085,94266.2785,434.523,869.046,0,14484.1,1177.946486,1549.609523,2156.132905,1749.119862,95420.73836,TRUE,FALSE,FALSE,FALSE,
3/6/2023,2262.49,594.66,94266.2785,92598.4485,434.523,869.046,0,14484.1,1580.260402,2081.46263,2487.808962,1743.520628,93747.30913,TRUE,FALSE,FALSE,FALSE,
3/7/2023,2064.81,594.66,92598.4485,91128.2985,434.523,869.046,0,14484.1,1618.037203,2077.044779,2482.209728,1786.545559,92320.18406,TRUE,FALSE,FALSE,FALSE,
3/8/2023,2328.39,594.66,91128.2985,89394.5685,434.523,869.046,0,14484.1,1631.17175,2083.843732,2525.234659,1730.481872,90530.39037,TRUE,FALSE,FALSE,FALSE,
3/9/2023,2014.59,594.66,89394.5685,87974.6385,434.523,869.046,0,14484.1,1478.807028,1991.784767,2469.170972,1383.00775,88762.98625,TRUE,FALSE,FALSE,FALSE,
3/10/2023,1206.03,594.66,87974.6385,87363.2685,434.523,869.046,0,14484.1,1240.147655,1633.314667,2121.69685,1333.885541,88102.49404,FALSE,FALSE,FALSE,FALSE,
3/11/2023,974.87,594.66,87363.2685,86983.0585,434.523,869.046,0,14484.1,1085.238449,1425.492797,2072.574641,1435.210263,87823.60876,FALSE,FALSE,TRUE,FALSE,
3/12/2023,2194.5,594.66,86983.0585,85383.2185,434.523,869.046,0,14484.1,1152.671161,1557.159343,2173.899363,1712.417792,86500.97629,TRUE,FALSE,FALSE,FALSE,
3/13/2023,2761.44,594.66,85383.2185,83216.4385,434.523,869.046,0,14484.1,1590.730523,2101.964054,2451.106892,1785.911297,84407.6898,TRUE,FALSE,TRUE,FALSE,
3/14/2023,2627.55,594.66,83216.4385,81183.5485,434.523,869.046,0,14484.1,1643.352439,2150.637292,2524.600397,1807.508264,82396.39676,TRUE,FALSE,FALSE,FALSE,
3/15/2023,2468.56,594.66,81183.5485,79309.6485,434.523,869.046,0,14484.1,1593.58131,2102.415825,2546.197364,1759.316404,80474.3049,TRUE,FALSE,FALSE,FALSE,
3/16/2023,2013.55,594.66,79309.6485,77890.7585,434.523,869.046,0,14484.1,1443.503831,2135.622817,2498.005504,1462.894924,78758.99342,TRUE,FALSE,FALSE,FALSE,
3/17/2023,1605.61,594.66,77890.7585,76879.8085,434.523,869.046,0,14484.1,1221.841278,1737.710111,2201.584024,1418.14845,77703.29695,TRUE,FALSE,FALSE,FALSE,
3/18/2023,1822.13,594.66,76879.8085,75652.3385,434.523,869.046,0,14484.1,1065.482928,1458.556256,2156.83755,1500.829275,76558.50777,TRUE,FALSE,FALSE,FALSE,
3/19/2023,1904.77,594.66,75652.3385,74342.2285,434.523,869.046,0,14484.1,1215.251343,1758.080846,2239.518375,1874.191,75621.7595,TRUE,FALSE,FALSE,FALSE,
3/20/2023,2304.33,594.66,74342.2285,72632.5585,434.523,869.046,0,14484.1,1735.372705,2278.350737,2612.8801,1872.066204,73909.9647,TRUE,FALSE,FALSE,FALSE,
3/21/2023,2312.7,594.66,72632.5585,70914.5185,434.523,869.046,0,14484.1,1709.673585,2252.199668,2610.755304,1799.385698,72119.2442,TRUE,FALSE,FALSE,FALSE,
3/22/2023,2183.01,594.66,70914.5185,69326.1685,434.523,869.046,0,14484.1,1687.858344,2233.367959,2538.074798,1753.120124,70484.62862,TRUE,FALSE,FALSE,FALSE,
3/23/2023,1934.84,594.66,69326.1685,67985.9885,434.523,869.046,0,14484.1,1535.56833,2098.319704,2491.809224,1445.134719,68836.46322,TRUE,FALSE,FALSE,FALSE,
3/24/2023,1774.11,594.66,67985.9885,66806.5385,434.523,869.046,0,14484.1,1227.908206,1698.606,2183.823819,1399.471737,67611.35024,TRUE,FALSE,FALSE,FALSE,
3/25/2023,1258.33,594.66,66806.5385,66142.8685,434.523,869.046,0,14484.1,1046.80737,1445.97901,2138.160837,1490.544794,67038.75329,FALSE,FALSE,FALSE,FALSE,
3/26/2023,1534.48,594.66,66142.8685,65203.0485,434.523,869.046,0,14484.1,1232.198029,1686.408927,2229.233894,1778.562556,66386.95106,TRUE,FALSE,FALSE,FALSE,
3/27/2023,2012.5,594.66,65203.0485,63785.2085,434.523,869.046,0,14484.1,1504.470144,2207.015232,2517.251656,1770.710768,64961.25927,TRUE,FALSE,FALSE,FALSE,
3/28/2023,2323.16,594.66,63785.2085,62056.7085,434.523,869.046,0,14484.1,1559.807573,2180.934771,2509.399868,1777.356814,63239.40531,TRUE,FALSE,FALSE,FALSE,
3/29/2023,1945.56,594.66,62056.7085,60705.8085,434.523,869.046,0,14484.1,1510.19998,2106.53929,2516.045914,1704.240819,61815.38932,TRUE,FALSE,FALSE,FALSE,
3/30/2023,1971.71,594.66,60705.8085,59328.7585,434.523,869.046,0,14484.1,1288.110395,1997.361585,2442.929919,1367.15123,60101.24973,TRUE,FALSE,FALSE,FALSE,
3/31/2023,1409.45,594.66,59328.7585,58513.9685,434.523,869.046,0,14484.1,955.7273545,1627.375791,2105.84033,1713.341905,59632.6504,FALSE,TRUE,FALSE,TRUE,
4/1/2023,1222.65,396.44,58513.9685,57687.7585,434.523,434.523,0,14484.1,935.5453726,1373.807922,2060.960305,1778.095317,59069.41382,TRUE,FALSE,TRUE,FALSE,
4/2/2023,1506.89,396.44,57687.7585,56577.3085,434.523,434.523,0,14484.1,990.339868,1639.902016,2125.713717,2161.235672,58342.10417,TRUE,FALSE,TRUE,FALSE,
4/3/2023,1980.28,396.44,56577.3085,54993.4685,434.523,434.523,0,14484.1,1521.189009,2123.095053,2508.854072,2177.625365,56774.65387,TRUE,FALSE,FALSE,FALSE,
4/4/2023,1940.56,396.44,54993.4685,53449.3485,434.523,434.523,0,14484.1,1560.620289,2106.74956,2525.243765,2178.361355,55231.26986,TRUE,FALSE,FALSE,FALSE,
4/5/2023,2156.89,396.44,53449.3485,51688.8985,434.523,434.523,0,14484.1,1545.619588,2059.219444,2525.979755,2062.012243,53354.47074,TRUE,FALSE,FALSE,FALSE,
4/6/2023,1004.24,396.44,51688.8985,51081.0985,434.523,434.523,0,14484.1,1322.995658,1962.05434,2409.630643,1713.861017,52398.51952,TRUE,FALSE,TRUE,FALSE,
4/7/2023,290.51,396.44,51081.0985,51187.0285,434.523,434.523,0,14484.1,948.7482344,1581.179877,2061.479417,1658.978257,52449.56676,FALSE,FALSE,TRUE,FALSE,
4/8/2023,686.56,396.44,51187.0285,50896.9085,434.523,434.523,0,14484.1,738.5426989,1238.341809,2006.596657,1744.528961,52244.99746,FALSE,FALSE,TRUE,FALSE,
4/9/2023,1419.11,396.44,50896.9085,49874.2385,434.523,434.523,0,14484.1,925.4205464,1409.678936,2092.147361,2120.931832,51598.73033,TRUE,FALSE,TRUE,FALSE,
4/10/2023,2536.22,396.44,49874.2385,47734.4585,434.523,434.523,0,14484.1,1570.037292,2135.634575,2468.550232,2211.342428,49549.36093,TRUE,FALSE,FALSE,FALSE,
4/11/2023,2211.22,396.44,47734.4585,45919.6785,434.523,434.523,0,14484.1,1574.350932,2108.274853,2558.960828,2220.21284,47743.45134,TRUE,FALSE,FALSE,FALSE,
4/12/2023,2312.59,396.44,45919.6785,44003.5285,434.523,434.523,0,14484.1,1597.636483,2096.765813,2567.83124,2088.7199,45695.8084,TRUE,FALSE,FALSE,FALSE,
4/13/2023,1907.13,396.44,44003.5285,42492.8385,434.523,434.523,0,14484.1,1365.529291,2009.845397,2436.3383,1705.206077,43801.60458,TRUE,FALSE,FALSE,FALSE,
4/14/2023,1448.37,396.44,42492.8385,41440.9085,434.523,434.523,0,14484.1,888.9403672,1559.139144,2052.824477,1680.158314,42724.62681,TRUE,FALSE,FALSE,FALSE,
4/15/2023,1204.89,396.44,41440.9085,40632.4585,434.523,434.523,0,14484.1,799.4617678,1320.56766,2027.776714,1700.987672,41937.00617,TRUE,FALSE,TRUE,FALSE,
4/16/2023,1644.84,396.44,40632.4585,39384.0585,434.523,434.523,0,14484.1,1037.655492,1484.868704,2048.606072,2070.220359,41057.83886,TRUE,FALSE,FALSE,FALSE,
4/17/2023,2291.68,396.44,39384.0585,37488.8185,434.523,434.523,0,14484.1,1541.569169,2094.516923,2417.838759,2069.375608,39161.75411,TRUE,FALSE,FALSE,FALSE,
4/18/2023,2463.07,396.44,37488.8185,35422.1885,434.523,434.523,0,14484.1,1600.327792,2098.159011,2416.994008,2071.269495,37097.01799,TRUE,FALSE,FALSE,FALSE,
4/19/2023,2148.51,396.44,35422.1885,33670.1185,434.523,434.523,0,14484.1,1564.312413,2011.766205,2418.887895,2003.662988,35277.34149,TRUE,FALSE,FALSE,FALSE,
4/20/2023,1989.68,396.44,33670.1185,32076.8785,434.523,434.523,0,14484.1,1341.767407,1985.328333,2351.281388,1678.111841,33358.55034,TRUE,FALSE,FALSE,FALSE,
4/21/2023,1310.43,396.44,32076.8785,31162.8885,434.523,434.523,0,14484.1,1019.897295,1539.59932,2025.730241,1624.253261,32390.70176,TRUE,FALSE,FALSE,FALSE,
4/22/2023,1198.62,396.44,31162.8885,30360.7085,434.523,434.523,0,14484.1,898.4612914,1297.629078,1971.871661,1691.017925,31655.28643,TRUE,FALSE,TRUE,FALSE,
4/23/2023,1517.34,396.44,30360.7085,29239.8085,434.523,434.523,0,14484.1,1192.05573,1575.824339,2038.636325,2062.120108,30905.48861,TRUE,FALSE,TRUE,FALSE,
4/24/2023,2490.24,396.44,29239.8085,27146.0085,434.523,434.523,0,14484.1,1540.626243,2122.69066,2409.738508,2067.848868,28817.41737,TRUE,FALSE,FALSE,FALSE,
4/25/2023,2719.1,396.44,27146.0085,24823.3485,434.523,434.523,0,14484.1,1589.586367,2078.659756,2415.467268,2043.742065,26470.65057,TRUE,FALSE,TRUE,FALSE,
4/26/2023,2373.2,0,24823.3485,22450.1485,434.523,434.523,0,14484.1,1570.882918,2079.999932,2391.360465,2031.832223,24481.98072,TRUE,FALSE,FALSE,FALSE,
4/27/2023,2077.45,396.44,22450.1485,20769.1385,434.523,434.523,0,14484.1,1326.806759,2009.553106,2379.450623,1741.425473,22114.12397,TRUE,FALSE,FALSE,FALSE,
4/28/2023,1420.16,528.2563,20769.1385,19877.2348,434.523,434.523,0,14484.1,1067.310849,1690.863632,2089.043873,1670.287502,21019.266,TRUE,FALSE,FALSE,FALSE,
4/29/2023,997.97,528.2563,19877.2348,19407.5211,434.523,434.523,0,14484.1,1014.364811,1391.411947,2017.905902,1803.368489,20682.63329,TRUE,FALSE,TRUE,FALSE,
4/30/2023,1539.9,529.2474,19407.5211,18396.8685,434.523,434.523,0,14484.1,1128.776623,1716.710231,2150.986889,2125.432244,19993.05334,TRUE,TRUE,TRUE,TRUE,
5/1/2023,1988.83,2314.2185,18396.8685,18722.257,651.7845,434.523,14484.1,28968.2,1511.652233,2151.340377,2494.776794,2144.980932,18553.01943,FALSE,FALSE,FALSE,FALSE,
5/2/2023,2280.1,2311.2452,18722.257,18753.4022,651.7845,434.523,14484.1,28968.2,1612.009691,2142.751926,2514.325482,2112.920225,18555.07722,FALSE,FALSE,FALSE,FALSE,
5/3/2023,2422.08,2196.2776,18753.4022,18527.5998,651.7845,434.523,14484.1,28968.2,1569.107055,2114.534235,2482.264775,2062.672527,18393.99473,FALSE,FALSE,FALSE,FALSE,
5/4/2023,1940.8,1984.1822,18527.5998,18570.982,651.7845,434.523,14484.1,28968.2,1335.407444,1955.74591,2432.017077,1767.007862,18353.80766,FALSE,FALSE,FALSE,FALSE,
5/5/2023,1363.47,1546.116,18570.982,18753.628,651.7845,434.523,14484.1,28968.2,938.1120235,1583.041147,2136.352412,1676.496418,18884.00842,FALSE,FALSE,FALSE,FALSE,
5/6/2023,1149.44,1805.7842,18753.628,19409.9722,651.7845,434.523,14484.1,28968.2,845.9341423,1283.25516,2045.840968,1760.520561,19364.70856,TRUE,FALSE,FALSE,FALSE,
5/7/2023,1664.14,1805.7842,19409.9722,19551.6164,651.7845,434.523,14484.1,28968.2,986.8499534,1538.152989,2129.865111,2181.067561,19926.89976,FALSE,FALSE,FALSE,FALSE,
5/8/2023,2487.85,1805.7842,19551.6164,18869.5506,651.7845,434.523,14484.1,28968.2,1550.326141,2060.66964,2550.412111,2190.68628,19254.45268,TRUE,FALSE,FALSE,FALSE,
5/9/2023,2401.2,2311.2452,18869.5506,18779.5958,651.7845,434.523,14484.1,28968.2,1588.617059,2096.836515,2560.03083,2175.594821,18643.94542,FALSE,FALSE,FALSE,FALSE,
5/10/2023,2176.74,2196.2776,18779.5958,18799.1334,651.7845,434.523,14484.1,28968.2,1594.163286,2156.47616,2544.939371,2087.039694,18689.89549,FALSE,FALSE,FALSE,FALSE,
5/11/2023,1761.23,1984.1822,18799.1334,19022.0856,651.7845,434.523,14484.1,28968.2,1325.283769,1990.402302,2456.384244,1762.502034,18800.40543,FALSE,FALSE,FALSE,FALSE,
5/12/2023,1308.13,1546.116,19022.0856,19260.0716,651.7845,434.523,14484.1,28968.2,999.7149154,1608.146614,2131.846584,1617.791182,19331.74678,FALSE,FALSE,FALSE,FALSE,
5/13/2023,1432.37,1805.7842,19260.0716,19633.4858,651.7845,434.523,14484.1,28968.2,850.8267081,1313.539273,1987.135732,1753.289517,19580.99112,FALSE,FALSE,FALSE,FALSE,
5/14/2023,1597.32,1805.7842,19633.4858,19841.95,651.7845,434.523,14484.1,28968.2,1028.514215,1611.304445,2122.634067,2174.245295,20210.41109,FALSE,FALSE,FALSE,FALSE,
5/15/2023,2203.88,1805.7842,19841.95,19443.8542,651.7845,434.523,14484.1,28968.2,1549.471392,2180.504964,2543.589845,2197.263254,19835.33325,FALSE,FALSE,FALSE,FALSE,
5/16/2023,2162.13,2311.2452,19443.8542,19592.9694,651.7845,434.523,14484.1,28968.2,1586.635876,2157.991163,2566.607804,2198.289101,19480.0133,FALSE,FALSE,FALSE,FALSE,
5/17/2023,2210.15,2196.2776,19592.9694,19579.097,651.7845,434.523,14484.1,28968.2,1527.204456,2051.454116,2567.633651,2090.710303,19473.5297,FALSE,FALSE,FALSE,FALSE,
5/18/2023,2149.6,1984.1822,19579.097,19413.6792,651.7845,434.523,14484.1,28968.2,1302.002611,1947.957307,2460.054853,1741.485754,19170.98275,FALSE,FALSE,FALSE,FALSE,
5/19/2023,1338.41,1546.116,19413.6792,19621.3852,651.7845,434.523,14484.1,28968.2,941.0283126,1551.091196,2110.830304,1654.283119,19729.55232,FALSE,FALSE,FALSE,FALSE,
5/20/2023,1229.83,1805.7842,19621.3852,20197.3394,651.7845,434.523,14484.1,28968.2,862.5542189,1302.004669,2023.627669,1793.550146,20185.10535,FALSE,FALSE,FALSE,FALSE,
5/21/2023,1571.22,1805.7842,20197.3394,20431.9036,651.7845,434.523,14484.1,28968.2,1074.935052,1593.498991,2162.894696,2174.800989,20800.92039,FALSE,FALSE,FALSE,FALSE,
5/22/2023,1929.31,1805.7842,20431.9036,20308.3778,651.7845,434.523,14484.1,28968.2,1518.3374,2060.963385,2544.145539,2200.000432,20702.59403,FALSE,FALSE,FALSE,FALSE,
5/23/2023,1943.93,2477.75,20308.3778,20842.1978,651.7845,434.523,14484.1,28968.2,1498.947429,2066.823567,2569.344982,2155.159667,20519.60747,FALSE,FALSE,FALSE,FALSE,
5/24/2023,2160.04,2279.53,20842.1978,20961.6878,651.7845,434.523,14484.1,28968.2,1493.255761,2015.325266,2524.504217,2041.338384,20723.49618,FALSE,FALSE,FALSE,FALSE,
5/25/2023,1933.49,2081.31,20961.6878,21109.5078,651.7845,434.523,14484.1,28968.2,1260.918013,1939.901869,2410.682934,1701.310698,20729.5085,FALSE,FALSE,FALSE,FALSE,
5/26/2023,663.98,1783.98,21109.5078,22229.5078,651.7845,434.523,14484.1,28968.2,830.0601969,1552.540566,2070.655248,1604.921392,22050.44919,TRUE,FALSE,TRUE,FALSE,
5/27/2023,411.33,1437.095,22229.5078,23255.2728,651.7845,434.523,14484.1,28968.2,729.5244555,1291.042239,1974.265942,1695.403745,23513.58155,TRUE,FALSE,TRUE,FALSE,
5/28/2023,402.98,1437.095,23255.2728,24289.3878,651.7845,434.523,14484.1,28968.2,743.3606485,1382.574806,2064.748295,2138.498593,24990.79139,TRUE,FALSE,TRUE,FALSE,
5/29/2023,1089.94,1437.095,24289.3878,24636.5428,651.7845,434.523,14484.1,28968.2,1089.489862,1714.872931,2507.843143,2068.304751,25267.75255,FALSE,FALSE,TRUE,FALSE,
5/30/2023,1982.56,1437.095,24636.5428,24091.0778,651.7845,434.523,14484.1,28968.2,1478.537714,1999.11255,2437.649301,2016.986928,24670.96973,TRUE,FALSE,FALSE,FALSE,
5/31/2023,1919.91,2196.2776,24091.0778,24367.4454,651.7845,434.523,14484.1,28968.2,1441.828056,1968.238529,2386.331478,1949.420357,24120.58816,FALSE,FALSE,FALSE,FALSE,
6/1/2023,1881.29,2231.9572,24367.4454,24718.1126,724.205,434.523,28968.2,43452.3,1321.302454,1867.212344,2331.800597,1604.360975,24090.51637,FALSE,FALSE,FALSE,FALSE,
6/2/2023,1128.56,1793.891,24718.1126,25383.4436,724.205,434.523,28968.2,43452.3,882.2826999,1383.208707,1986.741215,1395.813064,24985.36566,FALSE,FALSE,FALSE,FALSE,
6/3/2023,990.76,2053.5592,25383.4436,26446.2428,724.205,434.523,28968.2,43452.3,679.1897827,1046.100914,1778.193304,1598.62169,25991.30529,TRUE,FALSE,FALSE,FALSE,
6/4/2023,1628.64,2053.5592,26446.2428,26871.162,724.205,434.523,28968.2,43452.3,889.175032,1229.715177,1981.00193,1870.322598,26687.9254,FALSE,FALSE,FALSE,FALSE,
6/5/2023,2150.64,2053.5592,26871.162,26774.0812,724.205,434.523,28968.2,43452.3,1291.413288,1828.426576,2252.702838,1930.936617,26651.45862,FALSE,FALSE,FALSE,FALSE,
6/6/2023,1914.7,2559.0202,26774.0812,27418.4014,724.205,434.523,28968.2,43452.3,1397.295733,1853.880394,2313.316857,1971.470386,26830.85159,FALSE,FALSE,FALSE,FALSE,
6/7/2023,2033.71,2444.0526,27418.4014,27828.744,724.205,434.523,28968.2,43452.3,1451.763961,1940.875927,2353.850626,1865.81171,27250.50311,FALSE,FALSE,FALSE,FALSE,
6/8/2023,1656.83,2231.9572,27828.744,28403.8712,724.205,434.523,28968.2,43452.3,1327.912825,1789.452738,2248.19195,1602.274666,27774.18867,FALSE,FALSE,FALSE,FALSE,
6/9/2023,1175.55,1793.891,28403.8712,29022.2122,724.205,434.523,28968.2,43452.3,807.5733484,1314.161293,1984.654906,1416.575849,28644.89705,FALSE,FALSE,FALSE,FALSE,
6/10/2023,1314.4,2053.5592,29022.2122,29761.3714,724.205,434.523,28968.2,43452.3,674.7192109,1033.788359,1798.956089,1624.572143,29332.38434,TRUE,FALSE,FALSE,FALSE,
6/11/2023,1612.98,2053.5592,29761.3714,30201.9506,724.205,434.523,28968.2,43452.3,957.922973,1339.356345,2006.952383,1968.922729,30117.31413,FALSE,FALSE,FALSE,FALSE,
6/12/2023,2327.07,2053.5592,30201.9506,29928.4398,724.205,434.523,28968.2,43452.3,1427.537713,1939.31306,2351.302969,1981.246105,29856.1267,FALSE,FALSE,FALSE,FALSE,
6/13/2023,2185.09,2559.0202,29928.4398,30302.37,724.205,434.523,28968.2,43452.3,1463.791216,1927.340324,2363.626345,1963.03534,29706.38514,FALSE,FALSE,FALSE,FALSE,
6/14/2023,2192.4,2444.0526,30302.37,30554.0226,724.205,434.523,28968.2,43452.3,1462.863848,1911.020293,2345.41558,1868.373288,29978.34329,FALSE,FALSE,FALSE,FALSE,
6/15/2023,1935.57,2231.9572,30554.0226,30850.4098,724.205,434.523,28968.2,43452.3,1309.496969,1813.381089,2250.753528,1598.706904,30217.1595,FALSE,FALSE,FALSE,FALSE,
6/16/2023,1315.44,1793.891,30850.4098,31328.8608,724.205,434.523,28968.2,43452.3,940.2542818,1466.03584,1981.087144,1456.168028,30991.13783,FALSE,FALSE,FALSE,FALSE,
6/17/2023,1006.42,2053.5592,31328.8608,32376,724.205,434.523,28968.2,43452.3,874.9513516,1218.635747,1838.548268,1670.687227,31993.12803,TRUE,FALSE,FALSE,FALSE,
6/18/2023,1363.46,2053.5592,32376,33066.0992,724.205,434.523,28968.2,43452.3,1115.183139,1484.275982,2053.067467,1978.003358,32990.54336,FALSE,FALSE,FALSE,FALSE,
6/19/2023,2437.74,2053.5592,33066.0992,32681.9184,724.205,434.523,28968.2,43452.3,1370.838327,1888.645726,2360.383598,1991.30464,32619.66384,FALSE,FALSE,TRUE,FALSE,
6/20/2023,2101.57,2053.5592,32681.9184,32633.9076,724.205,434.523,28968.2,43452.3,1492.441513,1983.973421,2373.68488,1979.227559,32559.57596,FALSE,FALSE,FALSE,FALSE,
6/21/2023,1940.8,2444.0526,32633.9076,33137.1602,724.205,434.523,28968.2,43452.3,1482.664753,1907.068997,2361.607799,1879.698637,32572.80624,FALSE,FALSE,FALSE,FALSE,
6/22/2023,1982.56,2231.9572,33137.1602,33386.5574,724.205,434.523,28968.2,43452.3,1316.853986,1820.182786,2262.078877,1598.992371,32753.59257,FALSE,FALSE,FALSE,FALSE,
6/23/2023,1253.85,1793.891,33386.5574,33926.5984,724.205,434.523,28968.2,43452.3,831.1403933,1460.536231,1981.372611,1444.581623,33577.28902,FALSE,FALSE,FALSE,FALSE,
6/24/2023,741.24,1982.2,33926.5984,35167.5584,724.205,434.523,28968.2,43452.3,713.833702,1186.151647,1826.961863,1652.611872,34837.97027,TRUE,FALSE,TRUE,FALSE,
6/25/2023,1291.428,1982.2,35167.5584,35858.3304,724.205,434.523,28968.2,43452.3,880.028962,1475.224233,2034.992112,1952.717813,35828.84821,FALSE,FALSE,FALSE,FALSE,
6/26/2023,2351.088,1982.2,35858.3304,35489.4424,724.205,434.523,28968.2,43452.3,1414.515861,1951.478291,2335.098053,1989.005395,35496.2478,FALSE,FALSE,FALSE,FALSE,
6/27/2023,2136.068,2559.0202,35489.4424,35912.3946,724.205,434.523,28968.2,43452.3,1494.591026,1983.61262,2371.385635,1966.899246,35320.27365,FALSE,FALSE,FALSE,FALSE,
6/28/2023,2058.768,2444.0526,35912.3946,36297.6792,724.205,434.523,28968.2,43452.3,1477.351606,1925.651539,2349.279486,1945.195864,35798.82246,FALSE,FALSE,FALSE,FALSE,
6/29/2023,1615.07,2231.9572,36297.6792,36914.5664,724.205,434.523,28968.2,43452.3,1304.433374,1825.349347,2327.576104,1604.33647,36286.94567,FALSE,FALSE,FALSE,FALSE,
6/30/2023,346.61,1793.891,36914.5664,38361.8474,724.205,434.523,28968.2,43452.3,800.7883292,1469.917632,1986.71671,1446.803124,38014.75952,TRUE,FALSE,TRUE,FALSE,
7/1/2023,116.93,1684.87,38361.8474,39929.7874,651.7845,434.523,43452.3,57936.4,607.7991621,1074.813308,1829.183364,1612.062139,39856.97954,TRUE,FALSE,TRUE,FALSE,
7/2/2023,433.26,1684.87,39929.7874,41181.3974,651.7845,434.523,43452.3,57936.4,798.7151318,1301.838409,1994.442379,2006.986775,41503.51418,TRUE,FALSE,TRUE,FALSE,
7/3/2023,564.804,1684.87,41181.3974,42301.4634,651.7845,434.523,43452.3,57936.4,1013.058046,1855.79556,2389.367015,2027.679469,42644.27287,TRUE,FALSE,TRUE,FALSE,
7/4/2023,1517.98,1684.87,42301.4634,42468.3534,651.7845,434.523,43452.3,57936.4,1158.17207,1696.719438,2410.059709,2024.317449,42807.80085,FALSE,FALSE,FALSE,FALSE,
7/5/2023,2198.66,1684.87,42468.3534,41954.5634,651.7845,434.523,43452.3,57936.4,1409.533494,1853.939108,2406.697689,1883.470442,42153.16384,TRUE,FALSE,FALSE,FALSE,
7/6/2023,1979.42,2231.9572,41954.5634,42207.1006,651.7845,434.523,43452.3,57936.4,1308.451864,1763.745019,2265.850682,1642.898964,41618.04236,FALSE,FALSE,FALSE,FALSE,
7/7/2023,1249.66,1793.891,42207.1006,42751.3316,651.7845,434.523,43452.3,57936.4,875.7826491,1270.907466,2025.279204,1495.511876,42452.95248,FALSE,FALSE,FALSE,FALSE,
7/8/2023,1108.73,1982.2,42751.3316,43624.8016,651.7845,434.523,43452.3,57936.4,742.9843421,1120.746786,1877.892116,1648.846369,43291.44797,TRUE,FALSE,FALSE,FALSE,
7/9/2023,1878.15,1982.2,43624.8016,43728.8516,651.7845,434.523,43452.3,57936.4,886.8136958,1238.630886,2031.226609,1847.59363,43594.24523,FALSE,FALSE,FALSE,FALSE,
7/10/2023,2011.79,1982.2,43728.8516,43699.2616,651.7845,434.523,43452.3,57936.4,1261.378461,1922.131431,2229.97387,1925.281431,43642.34303,FALSE,FALSE,FALSE,FALSE,
7/11/2023,2123.5,2559.0202,43699.2616,44134.7818,651.7845,434.523,43452.3,57936.4,1408.812213,1878.756647,2307.661671,1967.542842,43543.30444,FALSE,FALSE,FALSE,FALSE,
7/12/2023,2007.61,2444.0526,44134.7818,44571.2244,651.7845,434.523,43452.3,57936.4,1421.812181,1929.94779,2349.923082,1866.044307,43993.21611,FALSE,FALSE,FALSE,FALSE,
7/13/2023,1842.66,1783.98,44571.2244,44512.5444,651.7845,434.523,43452.3,57936.4,1301.723457,1824.721021,2248.424547,1578.902035,44307.46644,FALSE,FALSE,FALSE,FALSE,
7/14/2023,942.732,1684.87,44512.5444,45254.6824,651.7845,434.523,43452.3,57936.4,885.8887377,1392.631225,1961.282275,1452.721132,45022.53353,TRUE,FALSE,FALSE,FALSE,
7/15/2023,352.444,1982.2,45254.6824,46884.4384,651.7845,434.523,43452.3,57936.4,673.4152918,1123.164754,1835.101372,1695.248967,46597.48737,TRUE,FALSE,TRUE,FALSE,
7/16/2023,1288.3,1982.2,46884.4384,47578.3384,651.7845,434.523,43452.3,57936.4,1028.78617,1443.148445,2077.629207,1937.31127,47533.44967,TRUE,FALSE,FALSE,FALSE,
7/17/2023,2113.06,1982.2,47578.3384,47447.4784,651.7845,434.523,43452.3,57936.4,1443.869891,1953.975113,2319.69151,1935.638927,47400.91733,FALSE,FALSE,FALSE,FALSE,
7/18/2023,2009.7,2559.0202,47447.4784,47996.7986,651.7845,434.523,43452.3,57936.4,1428.070835,1917.253352,2318.019167,1997.147136,47434.92554,FALSE,FALSE,FALSE,FALSE,
7/19/2023,2220.59,2444.0526,47996.7986,48220.2612,651.7845,434.523,43452.3,57936.4,1444.392864,1896.588978,2379.527376,1861.244754,47637.45335,FALSE,FALSE,FALSE,FALSE,
7/20/2023,1713.2,1982.2,48220.2612,48489.2612,651.7845,434.523,43452.3,57936.4,1309.406942,1809.199685,2243.624994,1653.146392,48160.20759,FALSE,FALSE,FALSE,FALSE,
7/21/2023,1322.75,1684.87,48489.2612,48851.3812,651.7845,434.523,43452.3,57936.4,802.2454915,1335.886243,2035.526632,1558.937201,48725.4484,FALSE,FALSE,FALSE,FALSE,
7/22/2023,1050.25,1982.2,48851.3812,49783.3312,651.7845,434.523,43452.3,57936.4,641.5768581,1021.695544,1941.317441,1687.049635,49488.18084,TRUE,FALSE,FALSE,FALSE,
7/23/2023,1614.02,1982.2,49783.3312,50151.5112,651.7845,434.523,43452.3,57936.4,889.2594217,1348.247531,2069.429875,2001.7212,50171.0324,FALSE,FALSE,FALSE,FALSE,
7/24/2023,2027.44,1982.2,50151.5112,50106.2712,651.7845,434.523,43452.3,57936.4,1418.286841,2008.106717,2384.10144,1989.769481,50113.84068,FALSE,FALSE,FALSE,FALSE,
7/25/2023,2019.09,2559.0202,50106.2712,50646.2014,651.7845,434.523,43452.3,57936.4,1474.758337,2002.764696,2372.149721,1953.279252,50040.46045,FALSE,FALSE,FALSE,FALSE,
7/26/2023,1529.46,2444.0526,50646.2014,51560.794,651.7845,434.523,43452.3,57936.4,1464.649855,1998.586199,2335.659492,1882.863078,50999.60448,TRUE,FALSE,FALSE,FALSE,
7/27/2023,1716.34,2081.31,51560.794,51925.764,651.7845,434.523,43452.3,57936.4,1300.170131,1825.918949,2265.243318,1627.824628,51472.27863,FALSE,FALSE,FALSE,FALSE,
7/28/2023,1221.48,1793.891,51925.764,52498.175,651.7845,434.523,43452.3,57936.4,782.0761696,1307.509327,2010.204868,1505.710056,52209.99406,FALSE,FALSE,FALSE,FALSE,
7/29/2023,1152.58,1982.2,52498.175,53327.795,651.7845,434.523,43452.3,57936.4,689.5875565,1052.836779,1888.090296,1627.179994,52972.77499,TRUE,FALSE,FALSE,FALSE,
7/30/2023,1653.69,1982.2,53327.795,53656.305,651.7845,434.523,43452.3,57936.4,1011.007368,1369.805558,2009.560234,1925.557405,53599.6624,FALSE,FALSE,FALSE,FALSE,
7/31/2023,1772.71,1982.2,53656.305,53865.795,651.7845,434.523,43452.3,57936.4,1487.34977,1966.441848,2307.937645,1936.097718,53819.69272,FALSE,FALSE,FALSE,FALSE,
8/1/2023,1956.46,3070.4278,53865.795,54979.7628,1013.887,434.523,72420.5,86904.6,1494.376429,1926.484242,2318.477958,1900.524105,53809.8591,TRUE,FALSE,FALSE,FALSE,
8/2/2023,1573.31,2932.6649,54979.7628,56339.1177,1013.887,434.523,72420.5,86904.6,1406.138539,1879.767561,2282.904345,1816.359497,55222.8123,TRUE,FALSE,FALSE,FALSE,
8/3/2023,1556.6,2140.776,56339.1177,56923.2937,1013.887,434.523,72420.5,86904.6,1294.018231,1765.898261,2198.739737,1541.606195,56324.12389,FALSE,FALSE,FALSE,FALSE,
8/4/2023,1180.76,2021.844,56923.2937,57764.3777,1013.887,434.523,72420.5,86904.6,789.4913887,1326.05582,1923.986435,1445.499536,57188.03324,FALSE,FALSE,FALSE,FALSE,
8/5/2023,941.69,2378.64,57764.3777,59201.3277,1013.887,434.523,72420.5,86904.6,701.7783267,1108.50401,1827.879776,1596.79148,58419.47918,TRUE,FALSE,FALSE,FALSE,
8/6/2023,1996.12,2378.64,59201.3277,59583.8477,1013.887,434.523,72420.5,86904.6,999.2409476,1302.845278,1979.17172,1928.916844,59134.12454,FALSE,FALSE,FALSE,FALSE,
8/7/2023,2169.44,2378.64,59583.8477,59793.0477,1013.887,434.523,72420.5,86904.6,1375.435473,1875.234008,2311.297084,1939.160467,59353.56817,FALSE,FALSE,FALSE,FALSE,
8/8/2023,2116.19,3070.4278,59793.0477,60747.2855,1013.887,434.523,72420.5,86904.6,1414.309247,1905.072026,2321.540707,1928.256297,59605.114,FALSE,FALSE,FALSE,FALSE,
8/9/2023,2305.15,2932.6649,60747.2855,61374.8004,1013.887,434.523,72420.5,86904.6,1439.697493,1868.19994,2310.636537,1840.785743,60282.92124,FALSE,FALSE,TRUE,FALSE,
8/10/2023,1830.13,2140.776,61374.8004,61685.4464,1013.887,434.523,72420.5,86904.6,1261.024594,1750.744265,2223.165983,1591.952547,61136.62295,FALSE,FALSE,FALSE,FALSE,
8/11/2023,1205.82,2021.844,61685.4464,62501.4704,1013.887,434.523,72420.5,86904.6,845.3247372,1429.885477,1974.332787,1502.291521,61981.91792,FALSE,FALSE,FALSE,FALSE,
8/12/2023,1228.78,2527.305,62501.4704,63799.9954,1013.887,434.523,72420.5,86904.6,862.2736065,1151.113228,1884.671761,1659.242646,62931.93305,TRUE,FALSE,FALSE,FALSE,
8/13/2023,1554.52,2527.305,63799.9954,64772.7804,1013.887,434.523,72420.5,86904.6,1001.814363,1452.895355,2041.622886,1999.905929,64245.38133,FALSE,FALSE,FALSE,FALSE,
8/14/2023,2103.66,2527.305,64772.7804,65196.4254,1013.887,434.523,72420.5,86904.6,1520.0815,1979.2834,2382.286169,1991.503796,64660.6242,FALSE,FALSE,FALSE,FALSE,
8/15/2023,2004.48,3219.0928,65196.4254,66411.0382,1013.887,434.523,72420.5,86904.6,1474.993068,1940.241476,2373.884036,1997.631459,65189.57686,TRUE,FALSE,FALSE,FALSE,
8/16/2023,1963.77,3081.3299,66411.0382,67528.5981,1013.887,434.523,72420.5,86904.6,1453.024835,1945.419246,2380.011699,1905.120781,66352.38898,TRUE,FALSE,FALSE,FALSE,
8/17/2023,1978.38,2289.441,67528.5981,67839.6591,1013.887,434.523,72420.5,86904.6,1279.347081,1833.093402,2287.501021,1589.137797,67139.3559,FALSE,FALSE,FALSE,FALSE,
8/18/2023,1366.59,2170.509,67839.6591,68643.5781,1013.887,434.523,72420.5,86904.6,805.5113708,1421.725402,1971.518037,1497.048015,67970.11712,FALSE,FALSE,FALSE,FALSE,
8/19/2023,1009.55,2527.305,68643.5781,70161.3331,1013.887,434.523,72420.5,86904.6,681.3820048,1185.055412,1879.428255,1648.408088,69282.43619,TRUE,FALSE,FALSE,FALSE,
8/20/2023,1487.7,2527.305,70161.3331,71200.9381,1013.887,434.523,72420.5,86904.6,911.3447391,1481.945129,2030.788328,1986.345565,70659.97866,TRUE,FALSE,FALSE,FALSE,
8/21/2023,1913.65,2527.305,71200.9381,71814.5931,1013.887,434.523,72420.5,86904.6,1423.398927,1952.798762,2368.725805,1983.131965,71270.42006,FALSE,FALSE,FALSE,FALSE,
8/22/2023,2134.98,3219.0928,71814.5931,72898.7059,1013.887,434.523,72420.5,86904.6,1469.964833,1940.647609,2365.512205,1988.490144,71668.10324,TRUE,FALSE,FALSE,FALSE,
8/23/2023,1635.95,3081.3299,72898.7059,74344.0858,1013.887,434.523,72420.5,86904.6,1430.531299,1951.344103,2370.870384,1875.062722,73137.81862,TRUE,FALSE,FALSE,FALSE,
8/24/2023,1982.56,2289.441,74344.0858,74650.9668,1013.887,434.523,72420.5,86904.6,1305.491745,1843.581559,2257.442962,1568.710582,73930.23638,FALSE,FALSE,FALSE,FALSE,
8/25/2023,1038.78,2170.509,74650.9668,75782.6958,1013.887,434.523,72420.5,86904.6,765.1836624,1354.117749,1951.090822,1474.873381,75087.06018,TRUE,FALSE,FALSE,FALSE,
8/26/2023,990.76,2725.525,75782.6958,77517.4608,1013.887,434.523,72420.5,86904.6,632.2007373,1123.480699,1857.253621,1625.199191,76417.13499,TRUE,FALSE,FALSE,FALSE,
8/27/2023,1672.49,2725.525,77517.4608,78570.4958,1013.887,434.523,72420.5,86904.6,930.5245921,1367.535128,2007.579431,1950.344785,77795.31558,TRUE,FALSE,FALSE,FALSE,
8/28/2023,2057.73,2725.525,78570.4958,79238.2908,1013.887,434.523,72420.5,86904.6,1393.95957,1924.254874,2332.725025,1970.031995,78482.7978,FALSE,FALSE,FALSE,FALSE,
8/29/2023,2338.56,3417.3128,79238.2908,80317.0436,1013.887,434.523,72420.5,86904.6,1442.309378,1920.436009,2352.412235,1977.262635,78876.99343,TRUE,FALSE,FALSE,FALSE,
8/30/2023,2051.46,3279.5499,80317.0436,81545.1335,1013.887,434.523,72420.5,86904.6,1441.558998,1938.147558,2359.642875,1912.891253,80178.47485,TRUE,FALSE,FALSE,FALSE,
8/31/2023,1794.63,2487.661,81545.1335,82238.1645,1013.887,434.523,72420.5,86904.6,1273.711319,1787.570029,2295.271493,2766.072884,82516.57638,FALSE,FALSE,FALSE,FALSE,
9/1/2023,618.05,2023.68,82238.1645,83643.7945,1013.887,434.523,101388.7,115872.8,839.6453969,1428.586007,1975.241024,2697.907964,84318.02246,TRUE,FALSE,TRUE,FALSE,
9/2/2023,210.88,2182.4,83643.7945,85615.3145,1013.887,434.523,101388.7,115872.8,675.1805424,1145.582212,1907.076104,2821.522765,86254.43726,TRUE,FALSE,TRUE,FALSE,
9/3/2023,620.13,2182.4,85615.3145,87177.5845,1013.887,434.523,101388.7,115872.8,691.2084225,1234.99464,2030.690905,2012.369853,87007.55435,TRUE,FALSE,TRUE,FALSE,
9/4/2023,1361.38,2182.4,87177.5845,87998.6045,1013.887,434.523,101388.7,115872.8,1013.896131,1491.555336,2394.750093,2033.352933,87849.55743,FALSE,FALSE,FALSE,FALSE,
9/5/2023,2245.64,2182.4,87998.6045,87935.3645,1013.887,434.523,101388.7,115872.8,1465.399631,1962.046068,2415.733173,1979.518763,87732.48326,FALSE,FALSE,FALSE,FALSE,
9/6/2023,1989.87,3082.144,87935.3645,89027.6385,1013.887,434.523,101388.7,115872.8,1466.813263,1982.587704,2361.899003,1904.512876,87850.00738,TRUE,FALSE,FALSE,FALSE,
9/7/2023,2140.2,2249.856,89027.6385,89137.2945,1013.887,434.523,101388.7,115872.8,1327.034557,1807.641087,2286.893116,1584.412814,88471.85131,FALSE,FALSE,TRUE,FALSE,
9/8/2023,1394.78,2124.864,89137.2945,89867.3785,1013.887,434.523,101388.7,115872.8,852.4376964,1354.553209,1966.793054,1509.046532,89251.56103,FALSE,FALSE,FALSE,FALSE,
9/9/2023,1004.33,2656.576,89867.3785,91519.6245,1013.887,434.523,101388.7,115872.8,683.5638388,1118.501206,1891.426772,1649.878324,90512.92682,TRUE,FALSE,FALSE,FALSE,
9/10/2023,957.35,2656.576,91519.6245,93218.8505,1013.887,434.523,101388.7,115872.8,890.7776585,1300.202183,2032.258564,1960.6025,92522.877,TRUE,FALSE,FALSE,FALSE,
9/11/2023,2125.58,2656.576,93218.8505,93749.8465,1013.887,434.523,101388.7,115872.8,1334.348028,1939.164079,2342.98274,1964.280389,93057.55089,FALSE,FALSE,FALSE,FALSE,
9/12/2023,2088,3382.72,93749.8465,95044.5665,1013.887,434.523,101388.7,115872.8,1427.491064,1910.60917,2346.660629,1982.771955,93644.61845,TRUE,FALSE,FALSE,FALSE,
9/13/2023,2210.14,3082.144,95044.5665,95916.5705,1013.887,434.523,101388.7,115872.8,1500.850219,1905.207089,2365.152195,1875.823167,94710.24967,FALSE,FALSE,FALSE,FALSE,
9/14/2023,1464.73,2249.856,95916.5705,96701.6965,1013.887,434.523,101388.7,115872.8,1341.023028,1793.728577,2258.203407,1595.018521,96046.85902,FALSE,FALSE,FALSE,FALSE,
9/15/2023,1001.196,2124.864,96701.6965,97825.3645,1013.887,434.523,101388.7,115872.8,902.8393137,1400.594176,1977.398761,1500.849782,97201.35028,TRUE,FALSE,FALSE,FALSE,
9/16/2023,1114.992,2656.576,97825.3645,99366.9485,1013.887,434.523,101388.7,115872.8,688.3860417,1046.5062,1883.230022,1627.376759,98337.74926,TRUE,FALSE,FALSE,FALSE,
9/17/2023,1363.46,2656.576,99366.9485,100660.0645,1013.887,434.523,101388.7,115872.8,877.2012332,1343.48981,2009.756999,1926.501835,99929.99033,TRUE,FALSE,FALSE,FALSE,
9/18/2023,1798.81,2656.576,100660.0645,101517.8305,1013.887,434.523,101388.7,115872.8,1491.270821,1967.688162,2308.882075,1949.148925,100810.4034,FALSE,FALSE,FALSE,FALSE,
9/19/2023,1951.24,3382.72,101517.8305,102949.3105,1013.887,434.523,101388.7,115872.8,1479.996784,1930.738647,2331.529165,1952.299104,101518.8896,TRUE,FALSE,FALSE,FALSE,
9/20/2023,1752.87,3082.144,102949.3105,104278.5845,1013.887,434.523,101388.7,115872.8,1446.367532,1883.332281,2334.679344,1846.142599,103042.5831,TRUE,FALSE,FALSE,FALSE,
9/21/2023,1929.31,2249.856,104278.5845,104599.1305,1013.887,434.523,101388.7,115872.8,1356.206057,1775.57435,2228.522839,1551.085368,103900.3599,FALSE,FALSE,FALSE,FALSE,
9/22/2023,1024.16,2124.864,104599.1305,105699.8345,1013.887,434.523,101388.7,115872.8,853.9632212,1259.241198,1933.465608,1483.961801,105058.9323,TRUE,FALSE,FALSE,FALSE,
9/23/2023,1088.89,2656.576,105699.8345,107267.5205,1013.887,434.523,101388.7,115872.8,660.181664,1080.904636,1866.342041,1609.277023,106220.2215,TRUE,FALSE,FALSE,FALSE,
9/24/2023,1605.67,2656.576,107267.5205,108318.4265,1013.887,434.523,101388.7,115872.8,1036.561388,1395.903211,1991.657263,1917.92645,107579.777,TRUE,FALSE,FALSE,FALSE,
9/25/2023,2085.91,2656.576,108318.4265,108889.0925,1013.887,434.523,101388.7,115872.8,1427.086685,1936.933816,2300.30669,1940.452678,108172.9692,FALSE,FALSE,FALSE,FALSE,
9/26/2023,2118.28,3382.72,108889.0925,110153.5325,1013.887,434.523,101388.7,115872.8,1489.583858,1938.849658,2322.832918,1975.784907,108746.5974,TRUE,FALSE,FALSE,FALSE,
9/27/2023,2067.12,3082.144,110153.5325,111168.5565,1013.887,434.523,101388.7,115872.8,1483.44078,1891.723671,2358.165147,1864.612699,109951.0252,TRUE,FALSE,FALSE,FALSE,
9/28/2023,1558.7,2249.856,111168.5565,111859.7125,1013.887,434.523,101388.7,115872.8,1367.377664,1773.484081,2246.992939,1586.117296,111195.9738,FALSE,FALSE,FALSE,FALSE,
9/29/2023,1053.39,2430.4,111859.7125,113236.7225,1013.887,434.523,101388.7,115872.8,942.375752,1406.623219,1968.497536,1517.630416,112323.9529,TRUE,FALSE,FALSE,FALSE,
9/30/2023,1058.62,2430.4,113236.7225,114608.5025,1013.887,434.523,101388.7,115872.8,749.3292385,1072.974108,1900.010656,1632.690119,113810.7926,TRUE,FALSE,FALSE,FALSE,
10/1/2023,1456.38,2430.4,114608.5025,115582.5225,1013.887,434.523,123114.85,144841,888.9217621,1416.665547,2015.070359,1950.828017,115102.9505,FALSE,FALSE,FALSE,FALSE,
10/2/2023,2203.88,2430.4,115582.5225,115809.0425,1013.887,434.523,123114.85,144841,1445.981246,1981.304495,2333.208257,1973.911119,115352.5536,FALSE,FALSE,FALSE,FALSE,
10/3/2023,1818.65,3382.72,115809.0425,117373.1125,1013.887,434.523,123114.85,144841,1474.740927,1930.266723,2356.291359,2042.545986,116032.9385,TRUE,FALSE,FALSE,FALSE,
10/4/2023,1762.27,3082.144,117373.1125,118692.9865,1013.887,434.523,123114.85,144841,1469.43498,1905.871065,2349.909774,2498.824754,118109.6673,TRUE,FALSE,FALSE,FALSE,
10/5/2023,1876.07,2249.856,118692.9865,119066.7725,1013.887,434.523,123114.85,144841,1343.240112,1794.506565,2218.974928,2278.282005,119095.1985,FALSE,FALSE,FALSE,FALSE,
10/6/2023,1243.4,2124.864,119066.7725,119948.2365,1013.887,434.523,123114.85,144841,904.5132096,1347.347315,1923.877333,2635.54099,120458.9135,FALSE,FALSE,TRUE,FALSE,
10/7/2023,1204.77,2656.576,119948.2365,121400.0425,1013.887,434.523,123114.85,144841,806.1605567,1135.42838,1872.238723,2205.589704,120949.0562,TRUE,FALSE,FALSE,FALSE,
10/8/2023,1940.79,2656.576,121400.0425,122115.8285,1013.887,434.523,123114.85,144841,1006.722372,1299.973373,2023.318827,2359.152483,121818.405,FALSE,FALSE,FALSE,FALSE,
10/9/2023,2060.86,2656.576,122115.8285,122711.5445,1013.887,434.523,123114.85,144841,1299.987729,1922.889962,2366.59171,2791.122146,122846.0906,FALSE,FALSE,FALSE,FALSE,
10/10/2023,2052.51,3382.72,122711.5445,124041.7545,1013.887,434.523,123114.85,144841,1535.731877,2042.643949,2405.814256,2832.175062,123491.2096,TRUE,FALSE,FALSE,FALSE,
10/11/2023,2081.73,3082.144,124041.7545,125042.1685,1013.887,434.523,123114.85,144841,1521.466689,1972.654208,2366.019718,2756.83701,124716.8615,FALSE,FALSE,FALSE,FALSE,
10/12/2023,2030.58,2249.856,125042.1685,125261.4445,1013.887,434.523,123114.85,144841,1356.612611,1930.804685,2259.237127,2611.322797,125622.9113,FALSE,FALSE,FALSE,FALSE,
10/13/2023,1329.01,2124.864,125261.4445,126057.2985,1013.887,434.523,123114.85,144841,1125.730434,1459.209691,1977.720324,2656.576,126589.0105,FALSE,FALSE,TRUE,FALSE,
10/14/2023,981.36,2656.576,126057.2985,127732.5145,1013.887,434.523,123114.85,144841,1038.691309,1281.649511,1882.271147,2391.949966,127467.8885,TRUE,FALSE,TRUE,FALSE,
10/15/2023,1259.07,2656.576,127732.5145,129130.0205,1013.887,434.523,123114.85,144841,1256.746631,1560.308857,2044.43709,2167.145837,128640.5903,TRUE,FALSE,FALSE,FALSE,
10/16/2023,2308.28,2656.576,129130.0205,129478.3165,1013.887,434.523,123114.85,144841,1532.342439,2109.733763,2419.113327,2082.354385,128904.0949,FALSE,FALSE,FALSE,FALSE,
10/17/2023,2224.76,3382.72,129478.3165,130636.2765,1013.887,434.523,123114.85,144841,1537.047894,2068.97202,2431.288112,3108.07812,130361.6346,TRUE,FALSE,FALSE,FALSE,
10/18/2023,2059.81,3082.144,130636.2765,131658.6105,1013.887,434.523,123114.85,144841,1527.691621,2085.905044,2419.976632,2950.669733,131527.1362,TRUE,FALSE,FALSE,FALSE,
10/19/2023,1870.85,2249.856,131658.6105,132037.6165,1013.887,434.523,123114.85,144841,1388.928636,1964.233062,2334.776765,2545.78414,132333.5446,FALSE,FALSE,FALSE,FALSE,
10/20/2023,1429.23,2124.864,132037.6165,132733.2505,1013.887,434.523,123114.85,144841,962.9504946,1471.12261,2009.641305,2599.977829,133208.3643,FALSE,FALSE,TRUE,FALSE,
10/21/2023,1095.16,2656.576,132733.2505,134294.6665,1013.887,434.523,123114.85,144841,845.1645395,1254.099133,1927.659534,2389.480102,134027.5706,TRUE,FALSE,TRUE,FALSE,
10/22/2023,1571.21,2656.576,134294.6665,135380.0325,1013.887,434.523,123114.85,144841,1032.528964,1529.494389,2076.800036,2277.565206,135001.0217,TRUE,FALSE,FALSE,FALSE,
10/23/2023,2151.68,2656.576,135380.0325,135884.9285,1013.887,434.523,123114.85,144841,1455.107792,2122.083108,2448.095642,2387.882884,135616.2354,FALSE,FALSE,FALSE,FALSE,
10/24/2023,2015.97,3382.72,135884.9285,137251.6785,1013.887,434.523,123114.85,144841,1474.439185,2130.765959,2453.658926,2956.8864,136825.8449,TRUE,FALSE,FALSE,FALSE,
10/25/2023,1817.6,3082.144,137251.6785,138516.2225,1013.887,434.523,123114.85,144841,1459.958626,2066.123021,2447.755725,2717.093822,138151.1723,TRUE,FALSE,FALSE,FALSE,
10/26/2023,1890.68,2249.856,138516.2225,138875.3985,1013.887,434.523,123114.85,144841,1295.921132,1916.523522,2337.769947,2289.427549,138914.97,FALSE,FALSE,FALSE,FALSE,
10/27/2023,1633.86,2124.864,138875.3985,139366.4025,1013.887,434.523,123114.85,144841,870.6594724,1453.76957,1998.487896,2608.122247,139849.6607,FALSE,FALSE,FALSE,FALSE,
10/28/2023,1171.36,2656.576,139366.4025,140851.6185,1013.887,434.523,123114.85,144841,780.815716,1246.039494,1904.820543,2614.33973,140809.3822,TRUE,FALSE,TRUE,FALSE,
10/29/2023,1443.85,2656.576,140851.6185,142064.3445,1013.887,434.523,123114.85,144841,1028.464645,1538.769048,2074.190674,2340.694307,141748.4628,TRUE,FALSE,FALSE,FALSE,
10/30/2023,2118.24,2656.576,142064.3445,142602.6805,1013.887,434.523,123114.85,144841,1441.767459,2100.79027,2432.415381,2309.143853,142255.2484,FALSE,FALSE,FALSE,FALSE,
10/31/2023,2695.61,3382.72,142602.6805,143289.7905,1013.887,434.523,123114.85,144841,1437.706436,2060.319708,2486.599633,2049.368955,141956.4395,FALSE,FALSE,TRUE,FALSE,
11/1/2023,2397.03,1488,143289.7905,142380.7605,434.523,579.364,108630.75,130356.9,1510.342746,2119.49743,2541.828355,1951.914428,142844.6749,TRUE,FALSE,FALSE,FALSE,
11/2/2023,2323.94,1190.4,142380.7605,141247.2205,434.523,579.364,108630.75,130356.9,1364.515933,2002.992355,2444.373828,1647.979435,141704.7999,TRUE,FALSE,TRUE,FALSE,
11/3/2023,1674.57,1130.88,141247.2205,140703.5305,434.523,579.364,108630.75,130356.9,1158.581912,1619.366193,2140.438835,1613.83165,141186.4821,FALSE,FALSE,FALSE,FALSE,
11/4/2023,1437.59,1309.44,140703.5305,140575.3805,434.523,579.364,108630.75,130356.9,1039.091224,1442.650137,2106.29105,1741.53913,141007.4796,FALSE,FALSE,FALSE,FALSE,
11/5/2023,1973.17,1309.44,140575.3805,139911.6505,434.523,579.364,108630.75,130356.9,1185.826068,1648.010548,2233.99853,2109.109733,140711.3202,TRUE,FALSE,FALSE,FALSE,
11/6/2023,2176.74,1309.44,139911.6505,139044.3505,434.523,579.364,108630.75,130356.9,1544.285987,2235.27196,2601.569133,2126.386126,139861.2966,TRUE,FALSE,FALSE,FALSE,
11/7/2023,2284.27,1488,139044.3505,138248.0805,434.523,579.364,108630.75,130356.9,1662.398699,2138.336085,2618.845526,2091.788206,138851.8687,TRUE,FALSE,FALSE,FALSE,
11/8/2023,2062.94,1488,138248.0805,137673.1405,434.523,579.364,108630.75,130356.9,1605.095747,2035.716784,2584.247606,1986.036168,138171.1767,FALSE,FALSE,FALSE,FALSE,
11/9/2023,1963.77,1190.4,137673.1405,136899.7705,434.523,579.364,108630.75,130356.9,1114.336813,2014.547628,2478.495568,1615.480394,137324.8509,TRUE,FALSE,FALSE,FALSE,
11/10/2023,1498.14,1190.4,136899.7705,136592.0305,434.523,579.364,108630.75,130356.9,898.4676471,1654.739043,2107.939794,1535.728963,136937.3595,FALSE,FALSE,FALSE,FALSE,
11/11/2023,1198.52,1190.4,136592.0305,136583.9105,434.523,579.364,108630.75,130356.9,1073.150412,1428.830078,2028.188363,1675.339031,137068.8495,FALSE,FALSE,TRUE,FALSE,
11/12/2023,1754.97,1190.4,136583.9105,136019.3405,434.523,579.364,108630.75,130356.9,1257.911341,1652.41031,2167.798431,2069.804087,136898.7446,FALSE,FALSE,FALSE,FALSE,
11/13/2023,2042.07,1190.4,136019.3405,135167.6705,434.523,579.364,108630.75,130356.9,1539.282521,2163.32734,2562.263487,2071.96127,136049.2318,TRUE,FALSE,FALSE,FALSE,
11/14/2023,1775.84,1488,135167.6705,134879.8305,434.523,579.364,108630.75,130356.9,1568.53217,2101.303764,2564.42067,2057.814011,135449.6445,FALSE,FALSE,FALSE,FALSE,
11/15/2023,1763.32,1488,134879.8305,134604.5105,434.523,579.364,108630.75,130356.9,1491.550688,2114.071163,2550.273411,1988.100735,135104.6112,FALSE,FALSE,FALSE,FALSE,
11/16/2023,1793.59,1488,134604.5105,134298.9205,434.523,579.364,108630.75,130356.9,1280.602995,1942.758613,2480.560135,1627.286586,134438.2071,FALSE,FALSE,FALSE,FALSE,
11/17/2023,1166.15,1130.88,134298.9205,134263.6505,434.523,579.364,108630.75,130356.9,989.5307801,1525.604943,2119.745986,1505.523647,134638.2941,FALSE,FALSE,FALSE,FALSE,
11/18/2023,1291.43,1190.4,134263.6505,134162.6205,434.523,579.364,108630.75,130356.9,912.2337599,1356.282209,1997.983047,1638.992835,134611.2133,FALSE,FALSE,FALSE,FALSE,
11/19/2023,1784.2,1190.4,134162.6205,133568.8205,434.523,579.364,108630.75,130356.9,1089.295097,1505.778411,2131.452235,2060.276841,134438.6973,TRUE,FALSE,FALSE,FALSE,
11/20/2023,1832.22,1190.4,133568.8205,132927.0005,434.523,579.364,108630.75,130356.9,1469.828684,2090.809888,2552.736241,2100.479793,133837.0803,TRUE,FALSE,FALSE,FALSE,
11/21/2023,1804.03,1488,132927.0005,132610.9705,434.523,579.364,108630.75,130356.9,1458.851048,2066.698116,2592.939193,2070.250314,133193.2208,FALSE,FALSE,FALSE,FALSE,
11/22/2023,840.42,952.32,132610.9705,132722.8705,434.523,579.364,108630.75,130356.9,940.4487898,1900.330473,2562.709714,1923.187733,133693.7382,FALSE,FALSE,TRUE,FALSE,
11/23/2023,468.76,1101.12,132722.8705,133355.2305,434.523,579.364,108630.75,130356.9,569.8978443,1732.807569,2415.647133,1566.720873,133820.8314,TRUE,FALSE,TRUE,FALSE,
11/24/2023,860.26,1101.12,133355.2305,133596.0905,434.523,579.364,108630.75,130356.9,624.3950898,1301.977447,2059.180273,1422.253543,133917.224,FALSE,FALSE,TRUE,FALSE,
11/25/2023,947.96,1101.12,133596.0905,133749.2505,434.523,579.364,108630.75,130356.9,715.3901753,1076.779976,1914.712943,1593.543014,134241.6735,FALSE,FALSE,TRUE,FALSE,
11/26/2023,1800.89,1101.12,133749.2505,133049.4805,434.523,579.364,108630.75,130356.9,910.5084455,1287.761484,2086.002414,1992.655385,133941.0159,TRUE,FALSE,FALSE,FALSE,
11/27/2023,2678.91,1101.12,133049.4805,131471.6905,434.523,579.364,108630.75,130356.9,1378.772866,2099.272286,2485.114785,1990.243168,132360.8137,TRUE,FALSE,TRUE,FALSE,
11/28/2023,2461.752,1304.48,131471.6905,130314.4185,434.523,579.364,108630.75,130356.9,1348.516038,2056.417252,2482.702568,2038.253147,131048.1916,TRUE,FALSE,FALSE,FALSE,
11/29/2023,2524.4,1309.44,130314.4185,129099.4585,434.523,579.364,108630.75,130356.9,1296.607563,2057.269243,2530.712547,1870.013179,129660.0317,TRUE,FALSE,TRUE,FALSE,
11/30/2023,2070.15,1488,129099.4585,128517.3085,434.523,579.364,108630.75,130356.9,1248.170302,1935.695084,2362.472579,1010.400144,128039.7086,TRUE,FALSE,TRUE,FALSE,
12/1/2023,1748.34,716.224,128517.3085,127485.1925,434.523,1231.1485,79662.55,101388.7,1100.986279,1613.941321,2056.876369,939.9642269,127708.9327,FALSE,FALSE,FALSE,FALSE,
12/2/2023,1591.54,829.312,127485.1925,126722.9645,434.523,1231.1485,79662.55,101388.7,1137.467945,1421.677218,1986.440452,1134.25646,127027.909,FALSE,FALSE,FALSE,FALSE,
12/3/2023,1826.66,829.312,126722.9645,125725.6165,434.523,1231.1485,79662.55,101388.7,1239.721166,1652.815627,2180.732685,1458.674109,126354.9786,FALSE,FALSE,FALSE,FALSE,
12/4/2023,2247.79,829.312,125725.6165,124307.1385,434.523,1231.1485,79662.55,101388.7,1577.057612,2257.312835,2505.150334,1457.530433,124935.3569,TRUE,FALSE,FALSE,FALSE,
12/5/2023,2119.26,942.4,124307.1385,123130.2785,434.523,1231.1485,79662.55,101388.7,1614.986707,2239.407564,2504.006658,1481.243628,123669.1221,FALSE,FALSE,FALSE,FALSE,
12/6/2023,2440.08,942.4,123130.2785,121632.5985,434.523,1231.1485,79662.55,101388.7,1546.459377,2130.146876,2527.719853,1361.872018,122052.0705,TRUE,FALSE,FALSE,FALSE,
12/7/2023,1873.68,753.92,121632.5985,120512.8385,434.523,1231.1485,79662.55,101388.7,1388.884149,2041.962017,2408.348243,1079.018932,120837.9374,FALSE,FALSE,FALSE,FALSE,
12/8/2023,939.46,716.224,120512.8385,120289.6025,434.523,1231.1485,79662.55,101388.7,1232.004479,1614.009738,2125.495157,980.6654455,120554.0439,FALSE,FALSE,FALSE,FALSE,
12/9/2023,823.45,753.92,120289.6025,120220.0725,434.523,1231.1485,79662.55,101388.7,1154.852134,1468.509529,2027.141671,1075.840803,120541.9933,FALSE,FALSE,FALSE,FALSE,
12/10/2023,1386.71,753.92,120220.0725,119587.2825,434.523,1231.1485,79662.55,101388.7,1248.218783,1625.344216,2122.317028,1414.623482,120247.986,FALSE,FALSE,FALSE,FALSE,
12/11/2023,2489.18,753.92,119587.2825,117852.0225,434.523,1231.1485,79662.55,101388.7,1552.699552,2172.408873,2461.099707,1449.008831,118547.1113,TRUE,FALSE,FALSE,FALSE,
12/12/2023,2421.26,942.4,117852.0225,116373.1625,434.523,1231.1485,79662.55,101388.7,1545.613856,2166.792107,2495.485056,1510.240398,116941.0029,TRUE,FALSE,FALSE,FALSE,
12/13/2023,2568.61,942.4,116373.1625,114746.9525,434.523,1231.1485,79662.55,101388.7,1550.355273,2133.445087,2556.716623,1398.648556,115203.2011,TRUE,FALSE,FALSE,FALSE,
12/14/2023,2223.76,942.4,114746.9525,113465.5925,434.523,1231.1485,79662.55,101388.7,1435.073955,2046.225717,2445.124781,1054.396159,113577.5887,TRUE,FALSE,FALSE,FALSE,
12/15/2023,1344.92,716.224,113465.5925,112836.8965,434.523,1231.1485,79662.55,101388.7,1174.133491,1581.429777,2100.872384,968.4572932,113089.1298,FALSE,FALSE,FALSE,FALSE,
12/16/2023,1298.94,753.92,112836.8965,112291.8765,434.523,1231.1485,79662.55,101388.7,1028.986873,1386.453382,2014.933518,1115.123349,112653.0798,FALSE,FALSE,FALSE,FALSE,
12/17/2023,1809.95,753.92,112291.8765,111235.8465,434.523,1231.1485,79662.55,101388.7,1227.995796,1692.371677,2161.599574,1478.798184,111960.7247,FALSE,FALSE,FALSE,FALSE,
12/18/2023,2624,753.92,111235.8465,109365.7665,434.523,1231.1485,79662.55,101388.7,1482.923895,2207.868768,2525.274409,1516.179408,110128.0259,TRUE,FALSE,FALSE,FALSE,
12/19/2023,2604.14,942.4,109365.7665,107704.0265,434.523,1231.1485,79662.55,101388.7,1528.841132,2219.131973,2562.655633,1601.114474,108362.741,TRUE,FALSE,FALSE,FALSE,
12/20/2023,2548.76,603.136,107704.0265,105758.4025,434.523,1231.1485,79662.55,101388.7,1493.159315,2175.604784,2647.590699,1464.765237,106620.0317,TRUE,FALSE,FALSE,FALSE,
12/21/2023,2246.76,697.376,105758.4025,104209.0185,434.523,1231.1485,79662.55,101388.7,1410.749922,1953.276111,2511.241462,1180.660711,104692.3032,TRUE,FALSE,FALSE,FALSE,
12/22/2023,1182.94,697.376,104209.0185,103723.4545,434.523,1231.1485,79662.55,101388.7,1021.040996,1642.087738,2227.136936,1089.012196,104115.0907,FALSE,FALSE,FALSE,FALSE,
12/23/2023,382.46,697.376,103723.4545,104038.3705,434.523,1231.1485,79662.55,101388.7,792.311132,1432.837635,2135.488421,1186.465841,104527.4603,FALSE,FALSE,TRUE,FALSE,
12/24/2023,662.54,697.376,104038.3705,104073.2065,434.523,1231.1485,79662.55,101388.7,899.039104,1569.235565,2232.942066,1592.122332,104967.9528,FALSE,FALSE,TRUE,FALSE,
12/25/2023,1231.01,697.376,104073.2065,103539.5725,434.523,1231.1485,79662.55,101388.7,1069.838578,1938.641482,2638.598557,1615.774746,104457.9712,FALSE,FALSE,FALSE,FALSE,
12/26/2023,2502.77,697.376,103539.5725,101734.1785,434.523,1231.1485,79662.55,101388.7,1355.191892,2295.659542,2662.250971,1662.866501,102699.669,TRUE,FALSE,FALSE,FALSE,
12/27/2023,2737.89,829.312,101734.1785,99825.6005,434.523,1231.1485,79662.55,101388.7,1381.438433,2183.887929,2709.342726,1552.19185,100548.4804,TRUE,FALSE,FALSE,FALSE,
12/28/2023,2536.21,942.4,99825.6005,98231.7905,434.523,1231.1485,79662.55,101388.7,1276.557127,2086.853966,2598.668075,1218.238582,98507.62908,TRUE,FALSE,TRUE,FALSE,
12/29/2023,1344.91,829.312,98231.7905,97716.1925,434.523,1231.1485,79662.55,101388.7,898.0729212,1478.78973,2264.714807,1063.586126,97950.46663,FALSE,FALSE,FALSE,FALSE,
12/30/2023,516.22,829.312,97716.1925,98029.2845,434.523,1231.1485,79662.55,101388.7,767.9700286,1278.380926,2110.062351,1185.578852,98385.55135,FALSE,FALSE,TRUE,FALSE,
12/31/2023,940.5,829.312,98029.2845,97918.0965,434.523,1231.1485,79662.55,101388.7,783.5992446,1191.920743,2232.055077,1414.41241,98503.19691,FALSE,FALSE,TRUE,FALSE,
1/1/2024,1707.53,753.92,97918.0965,96964.4865,434.523,1448.41,50694.35,65178.45,1245.859255,1563.53812,2645.56091,1400.899012,97611.46551,FALSE,FALSE,FALSE,FALSE,
1/2/2024,2586.38,753.92,96964.4865,95132.0265,434.523,1448.41,50694.35,65178.45,1670.85962,2059.282206,2632.047512,1506.526064,95884.63256,TRUE,FALSE,FALSE,FALSE,
1/3/2024,2492.32,942.4,95132.0265,93582.1065,434.523,1448.41,50694.35,65178.45,1727.904436,2258.545001,2737.674564,1457.188848,94096.89535,TRUE,FALSE,FALSE,FALSE,
1/4/2024,2711.78,942.4,93582.1065,91812.7265,434.523,1448.41,50694.35,65178.45,1654.469938,2260.509913,2688.337348,1110.924054,91981.25055,TRUE,FALSE,TRUE,FALSE,
1/5/2024,1793.21,716.224,91812.7265,90735.7405,434.523,1448.41,50694.35,65178.45,1097.811374,1834.667391,2342.072554,969.6227194,90989.13922,FALSE,FALSE,FALSE,FALSE,
1/6/2024,1561.24,753.92,90735.7405,89928.4205,434.523,1448.41,50694.35,65178.45,926.1296656,1495.227232,2200.771219,1051.23677,90225.73727,FALSE,FALSE,FALSE,FALSE,
1/7/2024,2082.68,753.92,89928.4205,88599.6605,434.523,1448.41,50694.35,65178.45,1222.621102,1712.070022,2282.38527,1394.384252,89240.12475,FALSE,FALSE,FALSE,FALSE,
1/8/2024,1978.18,753.92,88599.6605,87375.4005,434.523,1448.41,50694.35,65178.45,1540.50053,2267.896544,2625.532752,1425.509684,88046.99018,FALSE,FALSE,FALSE,FALSE,
1/9/2024,2561.29,942.4,87375.4005,85756.5105,434.523,1448.41,50694.35,65178.45,1824.905683,2363.276986,2656.658184,1450.298319,86264.40882,TRUE,FALSE,FALSE,FALSE,
1/10/2024,2640.7,942.4,85756.5105,84058.2105,434.523,1448.41,50694.35,65178.45,1816.195066,2385.295584,2681.446819,1428.336717,84544.14722,TRUE,FALSE,FALSE,FALSE,
1/11/2024,1956.24,942.4,84058.2105,83044.3705,434.523,1448.41,50694.35,65178.45,1680.440182,2287.925645,2659.485217,1127.561142,83229.53164,FALSE,FALSE,FALSE,FALSE,
1/12/2024,1603.025,716.224,83044.3705,82157.5695,434.523,1448.41,50694.35,65178.45,1347.899944,1878.19503,2358.709642,982.0814452,82423.42695,FALSE,FALSE,FALSE,FALSE,
1/13/2024,1459.865,1187.424,82157.5695,81885.1285,434.523,1448.41,50694.35,65178.45,1149.907449,1545.606426,2213.229945,1102.965563,81800.67006,FALSE,FALSE,FALSE,FALSE,
1/14/2024,2338.71,1187.424,81885.1285,80733.8425,434.523,1448.41,50694.35,65178.45,1216.46864,1642.027886,2334.114063,1390.538626,80936.95713,FALSE,FALSE,FALSE,FALSE,
1/15/2024,3012.74,1187.424,80733.8425,78908.5265,434.523,1448.41,50694.35,65178.45,1426.374037,2271.039004,2621.687126,1403.828748,79124.93125,TRUE,FALSE,TRUE,FALSE,
1/16/2024,2916.59,1187.424,78908.5265,77179.3605,434.523,1448.41,50694.35,65178.45,1760.498785,2335.8774,2634.977248,1504.438389,77496.37489,TRUE,FALSE,FALSE,FALSE,
1/17/2024,2611.46,1187.424,77179.3605,75755.3245,434.523,1448.41,50694.35,65178.45,1858.000109,2481.788082,2735.586889,1501.10308,76069.00358,FALSE,FALSE,FALSE,FALSE,
1/18/2024,2492.33,942.4,75755.3245,74205.3945,434.523,1448.41,50694.35,65178.45,1742.192411,2386.215798,2732.25158,1242.965351,74505.95985,TRUE,FALSE,FALSE,FALSE,
1/19/2024,1849.66,716.224,74205.3945,73071.9585,434.523,1448.41,50694.35,65178.45,1386.968017,2002.39657,2474.113851,1168.601305,73524.3358,FALSE,FALSE,FALSE,FALSE,
1/20/2024,1473.45,753.92,73071.9585,72352.4285,434.523,1448.41,50694.35,65178.45,1234.711459,1633.442191,2399.749805,1306.914969,72905.42347,FALSE,FALSE,FALSE,FALSE,
1/21/2024,1745.15,753.92,72352.4285,71361.1985,434.523,1448.41,50694.35,65178.45,1372.048212,1926.535727,2538.063469,1527.911395,72135.1899,FALSE,FALSE,FALSE,FALSE,
1/22/2024,2214.35,753.92,71361.1985,69900.7685,434.523,1448.41,50694.35,65178.45,1917.292136,2479.088493,2759.059895,1505.822572,70652.67107,TRUE,FALSE,FALSE,FALSE,
1/23/2024,2169.42,942.4,69900.7685,68673.7485,434.523,1448.41,50694.35,65178.45,1826.120081,2380.330303,2736.971072,1479.034118,69210.38262,FALSE,FALSE,FALSE,FALSE,
1/24/2024,1981.32,942.4,68673.7485,67634.8285,434.523,1448.41,50694.35,65178.45,1779.139684,2320.857948,2710.182618,1349.71313,68042.14163,FALSE,FALSE,FALSE,FALSE,
1/25/2024,2023.13,942.4,67634.8285,66554.0985,434.523,1448.41,50694.35,65178.45,1642.316569,2211.337864,2580.86163,1001.718452,66613.41695,FALSE,FALSE,FALSE,FALSE,
1/26/2024,1248.77,716.224,66554.0985,66021.5525,434.523,1448.41,50694.35,65178.45,1232.118565,1718.691672,2232.866952,888.4201386,66193.74864,FALSE,FALSE,FALSE,FALSE,
1/27/2024,1322.98,753.92,66021.5525,65452.4925,434.523,1448.41,50694.35,65178.45,1133.826727,1490.075906,2119.568639,1007.471802,65706.0443,FALSE,FALSE,FALSE,FALSE,
1/28/2024,1766.05,753.92,65452.4925,64440.3625,434.523,1448.41,50694.35,65178.45,1278.820792,1608.723423,2238.620302,1357.690946,65044.13345,FALSE,FALSE,FALSE,FALSE,
1/29/2024,2530.99,753.92,64440.3625,62663.2925,434.523,1448.41,50694.35,65178.45,1671.759327,2213.109714,2588.839446,1349.143688,63258.51619,TRUE,FALSE,FALSE,FALSE,
1/30/2024,2441.12,942.4,62663.2925,61164.5725,434.523,1448.41,50694.35,65178.45,1703.461042,2178.191133,2580.292188,1344.259021,61566.43152,TRUE,FALSE,FALSE,FALSE,
1/31/2024,2664.16,942.4,61164.5725,59442.8125,434.523,1448.41,50694.35,65178.45,1637.455881,2147.863892,2575.407521,1473.484313,59973.89681,TRUE,FALSE,FALSE,FALSE,
2/1/2024,2216.47,753.92,59442.8125,57980.2625,434.523,1231.1485,14484.1,36210.25,1508.057171,2097.576933,2519.960538,1155.23786,58381.58036,TRUE,FALSE,FALSE,FALSE,
2/2/2024,1640.13,573.376,57980.2625,56913.5085,434.523,1231.1485,14484.1,36210.25,1288.1541,1766.450218,2201.714085,1050.731119,57390.86362,FALSE,FALSE,FALSE,FALSE,
2/3/2024,1581.55,603.136,56913.5085,55935.0945,434.523,1231.1485,14484.1,36210.25,1110.441135,1526.919866,2097.207344,1249.628432,56581.58693,FALSE,FALSE,FALSE,FALSE,
2/4/2024,1945.56,603.136,55935.0945,54592.6705,434.523,1231.1485,14484.1,36210.25,1281.141054,1819.426147,2296.104657,1571.044928,55560.57943,TRUE,FALSE,FALSE,FALSE,
2/5/2024,2420.44,603.136,54592.6705,52775.3665,434.523,1231.1485,14484.1,36210.25,1726.393427,2280.485927,2617.521153,1610.899542,53783.13004,TRUE,FALSE,FALSE,FALSE,
2/6/2024,2490.53,753.92,52775.3665,51038.7565,434.523,1231.1485,14484.1,36210.25,1750.476313,2296.654401,2657.375767,1546.319989,51831.15649,TRUE,FALSE,FALSE,FALSE,
2/7/2024,2416.25,753.92,51038.7565,49376.4265,434.523,1231.1485,14484.1,36210.25,1718.36745,2236.932931,2592.796214,1539.216375,50161.72287,TRUE,FALSE,FALSE,FALSE,
2/8/2024,1937.2,753.92,49376.4265,48193.1465,434.523,1231.1485,14484.1,36210.25,1601.629821,2205.679686,2585.6926,1189.699502,48628.926,FALSE,FALSE,FALSE,FALSE,
2/9/2024,1456.03,573.376,48193.1465,47310.4925,434.523,1231.1485,14484.1,36210.25,1337.833569,1822.212503,2236.175727,1028.592073,47765.70857,FALSE,FALSE,FALSE,FALSE,
2/10/2024,1461.26,603.136,47310.4925,46452.3685,434.523,1231.1485,14484.1,36210.25,1100.957165,1502.30879,2075.068298,1212.041324,47061.27382,FALSE,FALSE,FALSE,FALSE,
2/11/2024,1786.56,603.136,46452.3685,45268.9445,434.523,1231.1485,14484.1,36210.25,1268.646163,1759.72426,2258.517549,1562.425271,46228.23377,FALSE,FALSE,FALSE,FALSE,
2/12/2024,2415.22,603.136,45268.9445,43456.8605,434.523,1231.1485,14484.1,36210.25,1667.968009,2252.55573,2608.901496,1549.162488,44402.88699,TRUE,FALSE,FALSE,FALSE,
2/13/2024,2493.66,753.92,43456.8605,41717.1205,434.523,1231.1485,14484.1,36210.25,1686.624212,2238.757367,2595.638713,1546.166672,42509.36717,TRUE,FALSE,FALSE,FALSE,
2/14/2024,2256.23,753.92,41717.1205,40214.8105,434.523,1231.1485,14484.1,36210.25,1660.714695,2189.206027,2592.642897,1490.787197,40951.6777,TRUE,FALSE,FALSE,FALSE,
2/15/2024,2189.28,753.92,40214.8105,38779.4505,434.523,1231.1485,14484.1,36210.25,1517.544947,2093.657514,2537.263422,1129.28808,39154.81858,TRUE,FALSE,FALSE,FALSE,
2/16/2024,1483.23,573.376,38779.4505,37869.5965,434.523,1231.1485,14484.1,36210.25,1181.85916,1734.021626,2175.764305,995.1078121,38291.32831,FALSE,FALSE,FALSE,FALSE,
2/17/2024,1275.08,603.136,37869.5965,37197.6525,434.523,1231.1485,14484.1,36210.25,1037.858309,1494.825477,2041.584037,1215.692156,37810.20866,FALSE,FALSE,FALSE,FALSE,
2/18/2024,1650.58,603.136,37197.6525,36150.2085,434.523,1231.1485,14484.1,36210.25,1177.055094,1572.736682,2262.168381,1529.779221,37076.85172,FALSE,FALSE,FALSE,FALSE,
2/19/2024,2004.13,603.136,36150.2085,34749.2145,434.523,1231.1485,14484.1,36210.25,1450.074878,2162.839082,2576.255446,1519.629122,35665.70762,TRUE,FALSE,FALSE,FALSE,
2/20/2024,2383.84,603.136,34749.2145,32968.5105,434.523,1231.1485,14484.1,36210.25,1644.179896,2189.164526,2566.105347,1515.813647,33881.18815,TRUE,FALSE,FALSE,FALSE,
2/21/2024,2104.56,753.92,32968.5105,31617.8705,434.523,1231.1485,14484.1,36210.25,1628.148193,2148.1389,2562.289872,1416.283161,32280.23366,TRUE,FALSE,FALSE,FALSE,
2/22/2024,1994.73,753.92,31617.8705,30377.0605,434.523,1231.1485,14484.1,36210.25,1463.411953,2023.010363,2462.759386,1102.44463,30725.58513,TRUE,FALSE,FALSE,FALSE,
2/23/2024,1626.53,573.376,30377.0605,29323.9065,434.523,1231.1485,14484.1,36210.25,1052.882691,1643.727815,2148.920855,956.7822997,29707.3128,FALSE,FALSE,FALSE,FALSE,
2/24/2024,1208.14,603.136,29323.9065,28718.9025,434.523,1231.1485,14484.1,36210.25,948.2683405,1363.842457,2003.258525,1154.029102,29269.7956,FALSE,FALSE,FALSE,FALSE,
2/25/2024,1775.06,603.136,28718.9025,27546.9785,434.523,1231.1485,14484.1,36210.25,1179.789692,1608.265633,2200.505327,1500.072088,28443.91459,FALSE,FALSE,FALSE,FALSE,
2/26/2024,2315.84,603.136,27546.9785,25834.2745,434.523,1231.1485,14484.1,36210.25,1597.599504,2162.144596,2546.548313,1499.25033,26730.38883,TRUE,FALSE,FALSE,FALSE,
2/27/2024,2196.6,753.92,25834.2745,24391.5945,434.523,1231.1485,14484.1,36210.25,1630.97241,2184.888179,2545.726555,1505.972066,25143.64657,TRUE,FALSE,FALSE,FALSE,
2/28/2024,2254.13,753.92,24391.5945,22891.3845,434.523,1231.1485,14484.1,36210.25,1621.634633,2163.469292,2552.448291,1410.203162,23547.66766,TRUE,FALSE,FALSE,FALSE,
2/29/2024,2694.98,753.92,22891.3845,20950.3245,434.523,1231.1485,14484.1,36210.25,1456.026528,2032.458465,2456.679387,1389.739456,21586.14396,TRUE,FALSE,TRUE,FALSE,
3/1/2024,1753.73,1488,20950.3245,20684.5945,434.523,869.046,0,14484.1,1158.023848,1639.944909,2128.428556,1302.960891,20499.55539,FALSE,FALSE,FALSE,FALSE,
3/2/2024,1278.38,1488,20684.5945,20894.2145,434.523,869.046,0,14484.1,1022.210874,1420.829088,2041.649991,1493.066844,20899.28134,FALSE,FALSE,FALSE,FALSE,
3/3/2024,1460.56,1488,20894.2145,20921.6545,434.523,869.046,0,14484.1,1235.799506,1676.499017,2231.755944,1820.4507,21254.1052,FALSE,FALSE,FALSE,FALSE,
3/4/2024,2528.51,1488,20921.6545,19881.1445,434.523,869.046,0,14484.1,1595.824235,2184.333234,2559.1398,1812.109324,20205.25382,TRUE,FALSE,FALSE,FALSE,
3/5/2024,2295.02,1488,19881.1445,19074.1245,434.523,869.046,0,14484.1,1646.264797,2175.004758,2550.798424,1824.460086,19410.58459,FALSE,FALSE,FALSE,FALSE,
3/6/2024,2120.17,1488,19074.1245,18441.9545,434.523,869.046,0,14484.1,1625.853158,2190.877865,2563.149186,1734.930975,18688.88548,FALSE,FALSE,FALSE,FALSE,
3/7/2024,2195.57,1488,18441.9545,17734.3845,434.523,869.046,0,14484.1,1474.946928,2100.217722,2473.620075,1430.684241,17677.06874,FALSE,FALSE,FALSE,FALSE,
3/8/2024,1032.34,1488,17734.3845,18190.0445,434.523,869.046,0,14484.1,1161.197559,1730.275569,2169.373341,1288.404579,17990.44908,TRUE,FALSE,FALSE,FALSE,
3/9/2024,815.62,1488,18190.0445,18862.4245,434.523,869.046,0,14484.1,1010.76434,1436.030934,2027.093679,1432.188494,18806.61299,TRUE,FALSE,TRUE,FALSE,
3/10/2024,2031.18,1488,18862.4245,18319.2445,434.523,869.046,0,14484.1,1142.724558,1583.23977,2170.877594,1800.630076,18631.87458,FALSE,FALSE,FALSE,FALSE,
3/11/2024,2671.94,1488,18319.2445,17135.3045,434.523,869.046,0,14484.1,1601.383951,2159.560665,2539.319176,1814.510612,17461.81511,TRUE,FALSE,FALSE,FALSE,
3/12/2024,2381.92,1488,17135.3045,16241.3845,434.523,869.046,0,14484.1,1658.480672,2184.781854,2553.199712,1827.293402,16580.6779,TRUE,FALSE,FALSE,FALSE,
3/13/2024,2047.94,1488,16241.3845,15681.4445,434.523,869.046,0,14484.1,1619.926016,2182.679823,2565.982502,1744.670224,15938.11472,FALSE,FALSE,FALSE,FALSE,
3/14/2024,2100.28,1488,15681.4445,15069.1645,434.523,869.046,0,14484.1,1455.571815,2074.264335,2483.359324,1404.798282,14985.96278,FALSE,FALSE,FALSE,FALSE,
3/15/2024,1325.5,1488,15069.1645,15231.6645,434.523,869.046,0,14484.1,1123.369913,1650.984705,2143.487382,1335.381328,15079.04583,FALSE,FALSE,FALSE,FALSE,
3/16/2024,1167.4,1488,15231.6645,15552.2645,434.523,869.046,0,14484.1,944.6151894,1295.736712,2074.070428,1417.818789,15482.08329,FALSE,FALSE,FALSE,FALSE,
3/17/2024,1891.93,1488,15552.2645,15148.3345,434.523,869.046,0,14484.1,1200.916087,1616.66231,2156.507889,1802.609867,15462.94437,FALSE,FALSE,FALSE,FALSE,
3/18/2024,2777.69,1488,15148.3345,13858.6445,434.523,869.046,0,14484.1,1611.787441,2213.052712,2541.298967,1806.685001,14177.3295,TRUE,FALSE,TRUE,FALSE,
3/19/2024,2681.36,1488,13858.6445,12665.2845,434.523,869.046,0,14484.1,1659.617655,2184.703128,2545.374101,1817.253366,12994.53787,TRUE,FALSE,FALSE,FALSE,
3/20/2024,2464.64,1488,12665.2845,11688.6445,434.523,869.046,0,14484.1,1628.48459,2085.654997,2555.942466,1719.36776,11920.01226,TRUE,FALSE,FALSE,FALSE,
3/21/2024,2178.8,1488,11688.6445,10997.8445,434.523,869.046,0,14484.1,1457.522436,2037.119485,2458.05686,1423.553561,10933.39806,FALSE,FALSE,FALSE,FALSE,
3/22/2024,1414.49,1488,10997.8445,11071.3545,434.523,869.046,0,14484.1,1177.078672,1652.821259,2162.242661,1316.032668,10899.38717,FALSE,FALSE,FALSE,FALSE,
3/23/2024,1617.62,1488,11071.3545,10941.7345,434.523,869.046,0,14484.1,1004.565704,1368.564075,2054.721768,1464.690244,10918.42474,FALSE,FALSE,FALSE,FALSE,
3/24/2024,1865.76,1488,10941.7345,10563.9745,434.523,869.046,0,14484.1,1169.603562,1690.576226,2203.379344,1854.80034,10930.77484,FALSE,FALSE,FALSE,FALSE,
3/25/2024,2432.18,1488,10563.9745,9619.7945,434.523,869.046,0,14484.1,1616.012741,2243.094245,2593.48944,1862.455227,9994.249727,TRUE,FALSE,FALSE,FALSE,
3/26/2024,2476.15,1488,9619.7945,8631.6445,434.523,869.046,0,14484.1,1648.410361,2222.74823,2601.144327,1833.765504,8977.410004,TRUE,FALSE,FALSE,FALSE,
3/27/2024,2125.4,1488,8631.6445,7994.2445,434.523,869.046,0,14484.1,1609.543192,2149.828254,2572.454604,1734.434974,8240.679474,FALSE,FALSE,FALSE,FALSE,
3/28/2024,815.61,1488,7994.2445,8666.6345,434.523,869.046,0,14484.1,1386.943715,2011.614254,2473.124074,1405.289379,8583.923879,TRUE,FALSE,TRUE,FALSE,
3/29/2024,337.14,1488,8666.6345,9817.4945,434.523,869.046,0,14484.1,1012.251366,1609.001526,2143.978479,1268.813495,9598.307995,TRUE,FALSE,TRUE,FALSE,
3/30/2024,673.22,1488,9817.4945,10632.2745,434.523,869.046,0,14484.1,906.2146807,1300.075436,2007.502595,1479.144969,10623.41947,TRUE,FALSE,TRUE,FALSE,
3/31/2024,1263.73,1488,10632.2745,10856.5445,434.523,869.046,0,14484.1,961.769492,1502.227998,2217.834069,2278.546282,11647.09078,FALSE,FALSE,TRUE,FALSE,
4/1/2024,2549.45,1686.4,10856.5445,9993.4945,434.523,434.523,0,14484.1,1166.632899,2005.633753,2626.164682,2294.675334,10601.76983,TRUE,FALSE,FALSE,FALSE,
4/2/2024,2872.97,1884.8,9993.4945,9005.3245,434.523,434.523,0,14484.1,1617.66389,2067.694347,2642.293734,2269.081902,9389.606402,TRUE,FALSE,TRUE,FALSE,
4/3/2024,2687.65,1884.8,9005.3245,8202.4745,434.523,434.523,0,14484.1,1608.435958,2166.519478,2616.700302,2185.799578,8503.474078,TRUE,FALSE,TRUE,FALSE,
4/4/2024,2245.82,1884.8,8202.4745,7841.4545,434.523,434.523,0,14484.1,974.5893745,1921.757259,2533.417978,1890.98292,7847.63742,FALSE,FALSE,FALSE,FALSE,
4/5/2024,1585.16,1686.4,7841.4545,7942.6945,434.523,434.523,0,14484.1,757.4898081,1390.492033,2238.60132,1722.093962,7978.388462,FALSE,FALSE,FALSE,FALSE,
4/6/2024,1404.03,1636.8,7942.6945,8175.4645,434.523,434.523,0,14484.1,776.7640117,1214.882958,2069.712362,1930.586947,8469.251447,FALSE,FALSE,TRUE,FALSE,
4/7/2024,1383.09,1636.8,8175.4645,8429.1745,434.523,434.523,0,14484.1,939.3664214,1521.50815,2278.205347,2291.027055,9083.401555,FALSE,FALSE,TRUE,FALSE,
4/8/2024,1974.64,1636.8,8429.1745,8091.3345,434.523,434.523,0,14484.1,1116.390893,2091.994216,2638.645455,2277.105071,8731.639571,FALSE,FALSE,FALSE,FALSE,
4/9/2024,2359.94,1984,8091.3345,7715.3945,434.523,434.523,0,14484.1,1167.058714,2084.882522,2624.723471,2282.132582,8013.527082,FALSE,FALSE,FALSE,FALSE,
4/10/2024,2067.83,1984,7715.3945,7631.5645,434.523,434.523,0,14484.1,1082.581814,1997.448944,2629.750982,2213.882473,7861.446973,FALSE,FALSE,FALSE,FALSE,
4/11/2024,1644.84,1884.8,7631.5645,7871.5245,434.523,434.523,0,14484.1,843.9942082,1880.931066,2561.500873,1841.186157,7827.910657,FALSE,FALSE,FALSE,FALSE,
4/12/2024,1108.773,1686.4,7871.5245,8449.1515,434.523,434.523,0,14484.1,630.8156956,1312.237523,2188.804557,1679.2532,8442.0047,TRUE,FALSE,TRUE,FALSE,
4/13/2024,1149.606,1626.88,8449.1515,8926.4255,434.523,434.523,0,14484.1,729.3884527,1098.018889,2026.8716,1896.094218,9195.639718,TRUE,FALSE,TRUE,FALSE,
4/14/2024,1576.79,1626.88,8926.4255,8976.5155,434.523,434.523,0,14484.1,1063.739224,1388.850156,2243.712618,2259.569228,9609.204728,FALSE,FALSE,TRUE,FALSE,
4/15/2024,2246.86,1626.88,8976.5155,8356.5355,434.523,434.523,0,14484.1,1102.398584,1958.374136,2607.187628,2282.721171,9012.376671,TRUE,FALSE,FALSE,FALSE,
4/16/2024,2385.066,2083.2,8356.5355,8054.6695,434.523,434.523,0,14484.1,1115.289401,2003.68526,2630.339571,2273.665916,8245.135416,FALSE,FALSE,FALSE,FALSE,
4/17/2024,2078.29,2083.2,8054.6695,8059.5795,434.523,434.523,0,14484.1,1096.296853,1958.243084,2621.284316,2197.150222,8173.529722,FALSE,FALSE,FALSE,FALSE,
4/18/2024,2130.64,2083.2,8059.5795,8012.1395,434.523,434.523,0,14484.1,878.7608435,1799.749959,2544.768622,1796.067797,7725.007297,FALSE,FALSE,FALSE,FALSE,
4/19/2024,1572.59,1488,8012.1395,7927.5495,434.523,434.523,0,14484.1,698.9856629,1302.307185,2143.686197,1693.000854,8132.550354,FALSE,FALSE,FALSE,FALSE,
4/20/2024,1189.4,1626.88,7927.5495,8365.0295,434.523,434.523,0,14484.1,762.3821326,1070.986064,2040.619254,1853.768921,8591.918421,TRUE,FALSE,TRUE,FALSE,
4/21/2024,2078.3,1626.88,8365.0295,7913.6095,434.523,434.523,0,14484.1,991.1845734,1503.793592,2201.387321,2223.624782,8510.354282,TRUE,FALSE,FALSE,FALSE,
4/22/2024,2311.78,1626.88,7913.6095,7228.7095,434.523,434.523,0,14484.1,1098.61364,2004.450922,2571.243182,2256.199966,7858.029466,TRUE,FALSE,FALSE,FALSE,
4/23/2024,2041.65,2380.8,7228.7095,7567.8595,434.523,434.523,0,14484.1,1096.749729,2018.434716,2603.818366,2287.95361,7475.01311,FALSE,FALSE,FALSE,FALSE,
4/24/2024,2099.24,2182.4,7567.8595,7651.0195,434.523,434.523,0,14484.1,1064.819528,1956.01939,2635.57201,2124.00263,7592.62213,FALSE,FALSE,FALSE,FALSE,
4/25/2024,1818.63,1785.6,7651.0195,7617.9895,434.523,434.523,0,14484.1,800.4974805,1843.042701,2471.62103,1770.761731,7603.151231,FALSE,FALSE,FALSE,FALSE,
4/26/2024,1273.15,1587.2,7617.9895,7932.0395,434.523,434.523,0,14484.1,673.1266182,1405.817706,2118.380131,1669.580811,8014.420311,FALSE,FALSE,FALSE,FALSE,
4/27/2024,967.43,1626.88,7932.0395,8591.4895,434.523,434.523,0,14484.1,584.5866801,1159.607947,2017.199211,1814.49046,8779.09996,TRUE,FALSE,TRUE,FALSE,
4/28/2024,1579.92,1626.88,8591.4895,8638.4495,434.523,434.523,0,14484.1,901.6347974,1364.884012,2162.10886,2211.797867,9223.367367,FALSE,FALSE,TRUE,FALSE,
4/29/2024,1904.5,1626.88,8638.4495,8360.8295,434.523,434.523,0,14484.1,1106.725544,1899.205959,2559.416267,2259.14337,8993.09287,FALSE,FALSE,FALSE,FALSE,
4/30/2024,2177.75,2777.6,8360.8295,8960.6795,434.523,434.523,0,14484.1,1065.70063,1895.329539,2606.76177,2183.662869,8366.742369,TRUE,FALSE,FALSE,FALSE,
5/1/2024,1894.784,2827.2,8960.6795,9893.0955,651.7845,434.523,14484.1,28968.2,1518.533866,2056.82018,2553.007419,2030.721428,9096.616928,TRUE,FALSE,FALSE,FALSE,
5/2/2024,1945.088,2443.296,9893.0955,10391.3035,651.7845,434.523,14484.1,28968.2,1289.960371,1981.912453,2400.065978,1674.286494,9622.293994,FALSE,FALSE,FALSE,FALSE,
5/3/2024,1099.352,1806.432,10391.3035,11098.3835,651.7845,434.523,14484.1,28968.2,780.7841108,1425.455545,2043.631044,1619.46305,10911.41455,TRUE,FALSE,FALSE,FALSE,
5/4/2024,1096.208,1785.6,11098.3835,11787.7755,651.7845,434.523,14484.1,28968.2,625.8635995,1232.44109,1988.8076,1698.463056,11700.63856,TRUE,FALSE,FALSE,FALSE,
5/5/2024,1725.008,1785.6,11787.7755,11848.3675,651.7845,434.523,14484.1,28968.2,972.1558683,1450.967281,2067.807606,2080.97951,12143.74701,FALSE,FALSE,FALSE,FALSE,
5/6/2024,2063.52,1785.6,11848.3675,11570.4475,651.7845,434.523,14484.1,28968.2,1429.332074,2022.333161,2450.32406,2081.843204,11866.6907,FALSE,FALSE,FALSE,FALSE,
5/7/2024,2457.508,3072.224,11570.4475,12185.1635,651.7845,434.523,14484.1,28968.2,1536.57421,2055.842041,2451.187754,2100.159796,11213.0993,FALSE,FALSE,FALSE,FALSE,
5/8/2024,2060.37,2827.2,12185.1635,12951.9935,651.7845,434.523,14484.1,28968.2,1542.951067,2009.285724,2469.504346,2019.395532,12144.18903,TRUE,FALSE,FALSE,FALSE,
5/9/2024,1835.05,2443.296,12951.9935,13560.2395,651.7845,434.523,14484.1,28968.2,1311.014549,1912.316501,2388.740082,1693.422419,12810.36592,FALSE,FALSE,FALSE,FALSE,
5/10/2024,1238.736,1806.432,13560.2395,14127.9355,651.7845,434.523,14484.1,28968.2,989.8019529,1476.584877,2062.766969,1620.952076,13942.45558,FALSE,FALSE,FALSE,FALSE,
5/11/2024,1124.504,1785.6,14127.9355,14789.0315,651.7845,434.523,14484.1,28968.2,724.2928893,1208.133972,1990.296626,1691.555343,14694.98684,TRUE,FALSE,FALSE,FALSE,
5/12/2024,1467.2,1785.6,14789.0315,15107.4315,651.7845,434.523,14484.1,28968.2,1139.908309,1522.769179,2060.899893,2100.461587,15422.29309,FALSE,FALSE,FALSE,FALSE,
5/13/2024,2051.984,1785.6,15107.4315,14841.0475,651.7845,434.523,14484.1,28968.2,1532.764674,2080.347278,2469.806137,2092.372047,15147.81955,FALSE,FALSE,FALSE,FALSE,
5/14/2024,2176.69,3072.224,14841.0475,15736.5815,651.7845,434.523,14484.1,28968.2,1561.253815,2075.988308,2461.716597,2112.197444,14776.55494,TRUE,FALSE,FALSE,FALSE,
5/15/2024,1773.22,2827.2,15736.5815,16790.5615,651.7845,434.523,14484.1,28968.2,1550.894598,2003.433365,2481.541994,2031.393658,15994.75516,TRUE,FALSE,FALSE,FALSE,
5/16/2024,1543.704,2443.296,16790.5615,17690.1535,651.7845,434.523,14484.1,28968.2,1317.159201,1877.793659,2400.738208,1657.422571,16904.28007,TRUE,FALSE,FALSE,FALSE,
5/17/2024,1442.048,1806.432,17690.1535,18054.5375,651.7845,434.523,14484.1,28968.2,795.4327819,1389.135079,2026.767121,1540.437774,17788.54327,FALSE,FALSE,FALSE,FALSE,
5/18/2024,1048,1785.6,18054.5375,18792.1375,651.7845,434.523,14484.1,28968.2,688.124216,1138.150244,1909.782324,1689.958038,18696.49554,TRUE,FALSE,FALSE,FALSE,
5/19/2024,1453.57,1785.6,18792.1375,19124.1675,651.7845,434.523,14484.1,28968.2,968.2445732,1437.702324,2059.302588,2071.968791,19410.53629,FALSE,FALSE,FALSE,FALSE,
5/20/2024,1977.58,1785.6,19124.1675,18932.1875,651.7845,434.523,14484.1,28968.2,1511.828778,2022.329841,2441.313341,2074.366703,19220.9542,FALSE,FALSE,FALSE,FALSE,
5/21/2024,2369.53,3072.224,18932.1875,19634.8815,651.7845,434.523,14484.1,28968.2,1526.778221,2000.726364,2443.711253,2059.454422,18622.11192,TRUE,FALSE,FALSE,FALSE,
5/22/2024,2127.44,2827.2,19634.8815,20334.6415,651.7845,434.523,14484.1,28968.2,1506.222313,1946.73906,2428.798972,1925.368038,19432.80954,TRUE,FALSE,FALSE,FALSE,
5/23/2024,1880.112,2443.296,20334.6415,20897.8255,651.7845,434.523,14484.1,28968.2,1271.134862,1810.274636,2294.712588,1636.944719,20091.47422,FALSE,FALSE,FALSE,FALSE,
5/24/2024,762.944,1806.432,20897.8255,21941.3135,651.7845,434.523,14484.1,28968.2,745.2403778,1392.415557,2006.289269,1577.599283,21712.48078,TRUE,FALSE,TRUE,FALSE,
5/25/2024,309.16,1785.6,21941.3135,23417.7535,651.7845,434.523,14484.1,28968.2,648.7034407,1172.167292,1946.943833,1671.654615,23303.80811,TRUE,FALSE,TRUE,FALSE,
5/26/2024,665.48,1785.6,23417.7535,24537.8735,651.7845,434.523,14484.1,28968.2,658.7852441,1205.262503,2040.999165,1981.834458,24734.10796,TRUE,FALSE,TRUE,FALSE,
5/27/2024,1413.752,1785.6,24537.8735,24909.7215,651.7845,434.523,14484.1,28968.2,1101.301562,1666.978942,2351.179008,2038.768149,25162.88965,FALSE,FALSE,FALSE,FALSE,
5/28/2024,1997.488,1785.6,24909.7215,24697.8335,651.7845,434.523,14484.1,28968.2,1374.228316,1969.985041,2408.112699,1998.773165,24911.00666,FALSE,FALSE,FALSE,FALSE,
5/29/2024,2116.96,2827.2,24697.8335,25408.0735,651.7845,434.523,14484.1,28968.2,1443.256442,1917.30708,2368.117715,1889.99146,24470.86496,TRUE,FALSE,FALSE,FALSE,
5/30/2024,1749.11,2443.296,25408.0735,26102.2595,651.7845,434.523,14484.1,28968.2,1334.976596,1826.152797,2259.33601,1607.117208,25266.08071,TRUE,FALSE,FALSE,FALSE,
5/31/2024,1260.75,1806.432,26102.2595,26647.9415,651.7845,434.523,14484.1,28968.2,869.896598,1328.851035,1976.461758,1442.309562,26283.81906,FALSE,FALSE,FALSE,FALSE,
6/1/2024,1302.67,1884.8,26647.9415,27230.0715,724.205,434.523,28968.2,43452.3,650.9389217,1056.914062,1824.689802,1573.060901,26918.3324,FALSE,FALSE,FALSE,FALSE,
6/2/2024,1794.18,1884.8,27230.0715,27320.6915,724.205,434.523,28968.2,43452.3,750.2844603,1276.522945,1955.441141,1949.410147,27385.30165,FALSE,FALSE,FALSE,FALSE,
6/3/2024,2094.96,1884.8,27320.6915,27110.5315,724.205,434.523,28968.2,43452.3,1313.467484,1893.988877,2331.790387,1976.593588,27202.32509,FALSE,FALSE,FALSE,FALSE,
6/4/2024,2204.99,2480,27110.5315,27385.5415,724.205,434.523,28968.2,43452.3,1390.239141,1970.503481,2358.973828,1940.008135,26845.54964,FALSE,FALSE,FALSE,FALSE,
6/5/2024,2214.43,2480,27385.5415,27651.1115,724.205,434.523,28968.2,43452.3,1455.276931,1951.985599,2322.388375,1851.29431,27022.40581,FALSE,FALSE,FALSE,FALSE,
6/6/2024,1870.68,2281.6,27651.1115,28062.0315,724.205,434.523,28968.2,43452.3,1324.83562,1820.506728,2233.67455,1601.611163,27382.04266,FALSE,FALSE,FALSE,FALSE,
6/7/2024,1337.248,1884.8,28062.0315,28609.5835,724.205,434.523,28968.2,43452.3,992.5659542,1372.148291,1983.991403,1524.400654,28249.18415,FALSE,FALSE,FALSE,FALSE,
6/8/2024,1260.744,1984,28609.5835,29332.8395,724.205,434.523,28968.2,43452.3,891.7587224,1189.70398,1906.780894,1676.723883,29025.56338,FALSE,FALSE,FALSE,FALSE,
6/9/2024,1781.6,1984,29332.8395,29535.2395,724.205,434.523,28968.2,43452.3,1190.736413,1445.214083,2059.104123,2009.007196,29560.2467,FALSE,FALSE,FALSE,FALSE,
6/10/2024,2026.83,1984,29535.2395,29492.4095,724.205,434.523,28968.2,43452.3,1509.215646,2033.520054,2391.387436,2017.177621,29525.58712,FALSE,FALSE,FALSE,FALSE,
6/11/2024,2035.21,2480,29492.4095,29937.1995,724.205,434.523,28968.2,43452.3,1501.685995,2029.257745,2399.557861,1960.43161,29417.63111,FALSE,FALSE,FALSE,FALSE,
6/12/2024,2012.16,2480,29937.1995,30405.0395,724.205,434.523,28968.2,43452.3,1482.785051,1989.009227,2342.81185,1872.908173,29797.94767,FALSE,FALSE,FALSE,FALSE,
6/13/2024,2214.42,2480,30405.0395,30670.6195,724.205,434.523,28968.2,43452.3,1307.972342,1847.708907,2255.288413,1602.594712,29793.21421,FALSE,FALSE,TRUE,FALSE,
6/14/2024,1030.184,1884.8,30670.6195,31525.2355,724.205,434.523,28968.2,43452.3,861.2174659,1420.556921,1984.974952,1503.770582,31144.20608,TRUE,FALSE,FALSE,FALSE,
6/15/2024,1095.16,1984,31525.2355,32414.0755,724.205,434.523,28968.2,43452.3,903.7029758,1214.110739,1886.150822,1684.035609,32114.11111,TRUE,FALSE,FALSE,FALSE,
6/16/2024,1721.87,1984,32414.0755,32676.2055,724.205,434.523,28968.2,43452.3,1098.107197,1488.576467,2066.415849,2022.637391,32714.84289,FALSE,FALSE,FALSE,FALSE,
6/17/2024,2076.09,1984,32676.2055,32584.1155,724.205,434.523,28968.2,43452.3,1470.783047,2029.033139,2405.017631,2027.945487,32628.06099,FALSE,FALSE,FALSE,FALSE,
6/18/2024,1856.008,2480,32584.1155,33208.1075,724.205,434.523,28968.2,43452.3,1048.504059,1986.704477,2410.325727,2013.862511,32741.97001,FALSE,FALSE,FALSE,FALSE,
6/19/2024,2160.976,1884.8,33208.1075,32931.9315,724.205,434.523,28968.2,43452.3,1205.418019,1958.217668,2396.242751,1887.158302,32934.2898,FALSE,FALSE,FALSE,FALSE,
6/20/2024,1830.85,1884.8,32931.9315,32985.8815,724.205,434.523,28968.2,43452.3,1326.404778,1803.480855,2269.538542,1605.867328,32706.94883,FALSE,FALSE,FALSE,FALSE,
6/21/2024,1241.88,1884.8,32985.8815,33628.8015,724.205,434.523,28968.2,43452.3,822.3172543,1398.731486,1988.247568,1496.480786,33240.48229,FALSE,FALSE,FALSE,FALSE,
6/22/2024,1117.171,1984,33628.8015,34495.6305,724.205,434.523,28968.2,43452.3,692.3920118,1168.853054,1878.861026,1670.248386,34181.87889,TRUE,FALSE,FALSE,FALSE,
6/23/2024,1796.274,1984,34495.6305,34683.3565,724.205,434.523,28968.2,43452.3,1042.652008,1464.764224,2052.628626,1996.179123,34695.53562,FALSE,FALSE,FALSE,FALSE,
6/24/2024,2045.698,1984,34683.3565,34621.6585,724.205,434.523,28968.2,43452.3,1464.776087,1995.839606,2378.559363,1990.444706,34628.10321,FALSE,FALSE,FALSE,FALSE,
6/25/2024,2260.54,2480,34621.6585,34841.1185,724.205,434.523,28968.2,43452.3,1486.862941,1985.285081,2372.824946,2013.519521,34374.63802,FALSE,FALSE,FALSE,FALSE,
6/26/2024,2361.142,2480,34841.1185,34959.9765,724.205,434.523,28968.2,43452.3,1452.64727,1978.809456,2395.899761,1906.535245,34386.51174,FALSE,FALSE,TRUE,FALSE,
6/27/2024,1627.542,2281.6,34959.9765,35614.0345,724.205,434.523,28968.2,43452.3,1303.673943,1856.532534,2288.915485,1671.722705,35004.15721,FALSE,FALSE,FALSE,FALSE,
6/28/2024,990.36,2281.6,35614.0345,36905.2745,724.205,434.523,28968.2,43452.3,958.5695555,1458.910952,2054.102945,1533.309715,36156.98422,TRUE,FALSE,FALSE,FALSE,
6/29/2024,990.358,2281.6,36905.2745,38196.5165,724.205,434.523,28968.2,43452.3,807.3726268,1218.545815,1915.689955,1683.169485,37598.08598,TRUE,FALSE,FALSE,FALSE,
6/30/2024,1994.34,2281.6,38196.5165,38483.7765,724.205,434.523,28968.2,43452.3,815.1045768,1495.095317,2065.549725,2082.415713,38284.59221,FALSE,FALSE,FALSE,FALSE,
7/1/2024,2460.704,2281.6,38483.7765,38304.6725,651.7845,434.523,43452.3,57936.4,1387.881217,2024.601577,2464.795953,2075.963592,38099.03609,FALSE,FALSE,FALSE,FALSE,
7/2/2024,1848.672,2281.6,38304.6725,38737.6005,651.7845,434.523,43452.3,57936.4,1387.457245,2060.800917,2458.343832,2082.149589,38538.15009,FALSE,FALSE,FALSE,FALSE,
7/3/2024,541.816,2281.6,38737.6005,40477.3845,651.7845,434.523,43452.3,57936.4,966.0665725,1928.278467,2464.529829,1997.616988,40193.40149,TRUE,FALSE,TRUE,FALSE,
7/4/2024,51.352,2281.6,40477.3845,42707.6325,651.7845,434.523,43452.3,57936.4,914.8044773,1872.314936,2379.997228,1586.909827,42012.94233,TRUE,FALSE,TRUE,FALSE,
7/5/2024,135.192,2281.6,42707.6325,44854.0405,651.7845,434.523,43452.3,57936.4,780.479114,1311.300701,1969.290067,1578.047134,44150.48763,TRUE,FALSE,TRUE,FALSE,
7/6/2024,579.544,2281.6,44854.0405,46556.0965,651.7845,434.523,43452.3,57936.4,741.1697293,1053.900302,1960.427374,1736.6255,46011.122,TRUE,FALSE,TRUE,FALSE,
7/7/2024,1400.128,2281.6,46556.0965,47437.5685,651.7845,434.523,43452.3,57936.4,967.1796801,1457.304255,2119.00574,2025.114351,47181.08285,TRUE,FALSE,FALSE,FALSE,
7/8/2024,2349.616,2281.6,47437.5685,47369.5525,651.7845,434.523,43452.3,57936.4,1420.131455,2041.25655,2407.494591,2030.859131,47118.81163,FALSE,FALSE,FALSE,FALSE,
7/9/2024,2025.784,2281.6,47369.5525,47625.3685,651.7845,434.523,43452.3,57936.4,1477.531866,1927.21418,2413.239371,2018.57553,47362.34403,FALSE,FALSE,FALSE,FALSE,
7/10/2024,1967.096,2579.2,47625.3685,48237.4725,651.7845,434.523,43452.3,57936.4,1475.001977,1911.353819,2400.95577,1919.440426,47577.71293,FALSE,FALSE,FALSE,FALSE,
7/11/2024,2023.688,2579.2,48237.4725,48792.9845,651.7845,434.523,43452.3,57936.4,1368.399526,1856.31986,2301.820666,1699.885023,47913.66952,FALSE,FALSE,FALSE,FALSE,
7/12/2024,964.16,2579.2,48792.9845,50408.0245,651.7845,434.523,43452.3,57936.4,888.775884,1384.042981,2082.265263,1602.702146,49431.52665,TRUE,FALSE,FALSE,FALSE,
7/13/2024,404.528,1289.6,50408.0245,51293.0965,651.7845,434.523,43452.3,57936.4,741.877772,1172.044299,1985.082386,1729.135146,51732.63165,TRUE,FALSE,TRUE,FALSE,
7/14/2024,1119.264,1289.6,51293.0965,51463.4325,651.7845,434.523,43452.3,57936.4,921.3122078,1428.749777,2111.515386,1933.43374,52107.26624,FALSE,FALSE,TRUE,FALSE,
7/15/2024,2351.712,1289.6,51463.4325,50401.3205,651.7845,434.523,43452.3,57936.4,1364.756756,1969.103538,2315.81398,1932.841945,51044.56244,TRUE,FALSE,FALSE,FALSE,
7/16/2024,2096,2579.2,50401.3205,50884.5205,651.7845,434.523,43452.3,57936.4,1478.072252,1961.451724,2315.222185,1910.91937,50216.23987,FALSE,FALSE,FALSE,FALSE,
7/17/2024,2276.256,2579.2,50884.5205,51187.4645,651.7845,434.523,43452.3,57936.4,1471.940476,1911.345758,2293.29961,1868.052693,50476.31719,FALSE,FALSE,FALSE,FALSE,
7/18/2024,2241.672,2579.2,51187.4645,51524.9925,651.7845,434.523,43452.3,57936.4,1360.446845,1792.555327,2250.432933,1706.485522,50652.27802,FALSE,FALSE,TRUE,FALSE,
7/19/2024,1370.784,1884.8,51524.9925,52039.0085,651.7845,434.523,43452.3,57936.4,835.7171841,1353.096361,2088.865762,1712.538825,51866.74732,FALSE,FALSE,FALSE,FALSE,
7/20/2024,909.664,1686.4,52039.0085,52815.7445,651.7845,434.523,43452.3,57936.4,691.8386739,1119.08297,2094.919065,1768.159997,52897.5045,TRUE,FALSE,TRUE,FALSE,
7/21/2024,1715.576,1686.4,52815.7445,52786.5685,651.7845,434.523,43452.3,57936.4,930.3780837,1468.812892,2150.540237,2010.054864,53110.22336,FALSE,FALSE,FALSE,FALSE,
7/22/2024,2092.856,1686.4,52786.5685,52380.1125,651.7845,434.523,43452.3,57936.4,1418.849644,2021.737762,2392.435104,2003.841346,52697.55385,FALSE,FALSE,FALSE,FALSE,
7/23/2024,2051.984,2579.2,52380.1125,52907.3285,651.7845,434.523,43452.3,57936.4,1525.574038,2071.314885,2386.221586,1987.831832,52315.96033,FALSE,FALSE,FALSE,FALSE,
7/24/2024,2127.44,2579.2,52907.3285,53359.0885,651.7845,434.523,43452.3,57936.4,1504.997434,1979.429959,2370.212072,1961.058532,52740.94703,FALSE,FALSE,FALSE,FALSE,
7/25/2024,2045.696,2579.2,53359.0885,53892.5925,651.7845,434.523,43452.3,57936.4,1329.266764,1816.175199,2343.438772,1762.643641,53076.03614,FALSE,FALSE,FALSE,FALSE,
7/26/2024,1311.048,1884.8,53892.5925,54466.3445,651.7845,434.523,43452.3,57936.4,976.7695247,1441.286806,2145.023881,1718.531087,54300.07559,FALSE,FALSE,FALSE,FALSE,
7/27/2024,1166.424,1686.4,54466.3445,54986.3205,651.7845,434.523,43452.3,57936.4,718.6725988,1197.355379,2100.911327,1763.362951,55063.28345,FALSE,FALSE,FALSE,FALSE,
7/28/2024,1447.288,1686.4,54986.3205,55225.4325,651.7845,434.523,43452.3,57936.4,1021.279784,1501.268175,2145.743191,2057.509401,55596.5419,FALSE,FALSE,FALSE,FALSE,
7/29/2024,2033.12,1686.4,55225.4325,54878.7125,651.7845,434.523,43452.3,57936.4,1453.409871,2001.155686,2439.889641,2062.00907,55254.32157,FALSE,FALSE,FALSE,FALSE,
7/30/2024,2000.632,2579.2,54878.7125,55457.2805,651.7845,434.523,43452.3,57936.4,1538.624931,2046.184933,2444.38931,2014.493642,54892.57414,FALSE,FALSE,FALSE,FALSE,
7/31/2024,2086.56,2579.2,55457.2805,55949.9205,651.7845,434.523,43452.3,57936.4,1529.143228,1940.302888,2396.873882,1925.802356,55296.52286,FALSE,FALSE,FALSE,FALSE,
8/1/2024,1777.408,1600.096,55949.9205,55772.6085,1013.887,434.523,72420.5,86904.6,1306.368644,1936.628645,2308.182596,1727.565108,55900.07761,FALSE,FALSE,FALSE,FALSE,
8/2/2024,1379.168,1600.096,55772.6085,55993.5365,1013.887,434.523,72420.5,86904.6,798.7707924,1454.362197,2109.945348,1577.69773,55971.13823,FALSE,FALSE,FALSE,FALSE,
8/3/2024,1318.384,1600.096,55993.5365,56275.2485,1013.887,434.523,72420.5,86904.6,698.1510296,1175.049421,1960.07797,1737.847813,56413.00031,FALSE,FALSE,FALSE,FALSE,
8/4/2024,1223.016,1600.096,56275.2485,56652.3285,1013.887,434.523,72420.5,86904.6,1018.402442,1477.621774,2120.228053,2011.733389,57063.96589,FALSE,FALSE,FALSE,FALSE,
8/5/2024,1831.904,1600.096,56652.3285,56420.5205,1013.887,434.523,72420.5,86904.6,1458.690406,2029.253614,2394.113629,2012.309531,56832.73403,FALSE,FALSE,FALSE,FALSE,
8/6/2024,1607.632,1600.096,56420.5205,56412.9845,1013.887,434.523,72420.5,86904.6,1509.414436,2015.841298,2394.689771,2027.482279,56840.37078,FALSE,FALSE,FALSE,FALSE,
8/7/2024,1655.84,1600.096,56412.9845,56357.2405,1013.887,434.523,72420.5,86904.6,1485.502434,1955.447968,2409.862519,1885.010553,56642.15505,FALSE,FALSE,FALSE,FALSE,
8/8/2024,1258.648,1600.096,56357.2405,56698.6885,1013.887,434.523,72420.5,86904.6,1356.769067,1849.788449,2267.390793,1569.991363,56668.58386,FALSE,FALSE,FALSE,FALSE,
8/9/2024,1291.136,1600.096,56698.6885,57007.6485,1013.887,434.523,72420.5,86904.6,876.6858342,1303.353703,1952.371603,1448.314629,56855.86713,FALSE,FALSE,FALSE,FALSE,
8/10/2024,719.976,2182.4,57007.6485,58470.0725,1013.887,434.523,72420.5,86904.6,793.8804316,1047.81101,1830.694869,1635.606904,57923.2794,TRUE,FALSE,FALSE,FALSE,
8/11/2024,1094.112,2182.4,58470.0725,59558.3605,1013.887,434.523,72420.5,86904.6,981.9370043,1276.123664,2017.987144,1930.794838,59306.75534,TRUE,FALSE,FALSE,FALSE,
8/12/2024,1588.768,2182.4,59558.3605,60151.9925,1013.887,434.523,72420.5,86904.6,1422.745552,1915.017565,2313.175078,1928.040781,59897.63328,FALSE,FALSE,FALSE,FALSE,
8/13/2024,1778.456,2976,60151.9925,61349.5365,1013.887,434.523,72420.5,86904.6,1420.676985,1884.474954,2310.421021,1890.901545,60264.43805,TRUE,FALSE,FALSE,FALSE,
8/14/2024,1456.72,2926.4,61349.5365,62819.2165,1013.887,434.523,72420.5,86904.6,1413.086525,1876.408627,2273.281785,1820.818821,61713.63532,TRUE,FALSE,FALSE,FALSE,
8/15/2024,1347.728,2976,62819.2165,64447.4885,1013.887,434.523,72420.5,86904.6,1294.663356,1776.612654,2203.199061,1537.514335,63009.00283,TRUE,FALSE,FALSE,FALSE,
8/16/2024,1119.264,2360.96,64447.4885,65689.1845,1013.887,434.523,72420.5,86904.6,853.1246397,1263.906815,1919.894575,1423.646907,64751.87141,TRUE,FALSE,FALSE,FALSE,
8/17/2024,955.776,2678.4,65689.1845,67411.8085,1013.887,434.523,72420.5,86904.6,738.5638246,1066.269349,1806.027147,1588.116798,66321.5253,TRUE,FALSE,FALSE,FALSE,
8/18/2024,1125.552,2678.4,67411.8085,68964.6565,1013.887,434.523,72420.5,86904.6,928.5759899,1266.626042,1970.497038,1879.909744,68166.16624,TRUE,FALSE,FALSE,FALSE,
8/19/2024,1892.68,2678.4,68964.6565,69750.3765,1013.887,434.523,72420.5,86904.6,1376.129169,1862.900672,2262.289984,1878.451444,68950.42794,FALSE,FALSE,FALSE,FALSE,
8/20/2024,2133.73,2976,69750.3765,70592.6465,1013.887,434.523,72420.5,86904.6,1387.81914,1818.415592,2260.831684,1851.825774,69468.47227,FALSE,FALSE,FALSE,FALSE,
8/21/2024,2049.89,2628.8,70592.6465,71171.5565,1013.887,434.523,72420.5,86904.6,1387.532368,1793.030954,2234.206014,1813.769047,70356.52555,FALSE,FALSE,FALSE,FALSE,
8/22/2024,1275.41,2976,71171.5565,72872.1465,1013.887,434.523,72420.5,86904.6,1292.121984,1680.558008,2196.149287,1549.025709,71445.17221,TRUE,FALSE,FALSE,FALSE,
8/23/2024,1052.19,2132.8,72872.1465,73952.7565,1013.887,434.523,72420.5,86904.6,749.9369492,1237.829287,1931.405949,1421.081566,73241.03807,TRUE,FALSE,FALSE,FALSE,
8/24/2024,883.46,2777.6,73952.7565,75846.8965,1013.887,434.523,72420.5,86904.6,597.5906052,1033.53062,1803.461806,1607.380318,74676.67682,TRUE,FALSE,FALSE,FALSE,
8/25/2024,1553.14,2777.6,75846.8965,77071.3565,1013.887,434.523,72420.5,86904.6,652.3502481,1254.461665,1989.760558,1915.101083,76208.85758,TRUE,FALSE,FALSE,FALSE,
8/26/2024,1943,2777.6,77071.3565,77905.9565,1013.887,434.523,72420.5,86904.6,1393.911468,1890.941914,2297.481323,1912.343945,77040.70045,FALSE,FALSE,FALSE,FALSE,
8/27/2024,2011.11,3075.2,77905.9565,78970.0465,1013.887,434.523,72420.5,86904.6,1406.275302,1900.326788,2294.724185,1875.479842,77770.32634,TRUE,FALSE,FALSE,FALSE,
8/28/2024,1824.57,3075.2,78970.0465,80220.6765,1013.887,434.523,72420.5,86904.6,1431.507471,1853.16368,2257.860082,1806.897938,78952.37444,TRUE,FALSE,FALSE,FALSE,
8/29/2024,1395.94,2876.8,80220.6765,81701.5365,1013.887,434.523,72420.5,86904.6,1299.918367,1694.695386,2189.278178,1538.431859,80363.16836,TRUE,FALSE,FALSE,FALSE,
8/30/2024,685.39,2033.6,81701.5365,83049.7465,1013.887,434.523,72420.5,86904.6,659.6212666,1249.212615,1920.812099,1432.539486,82448.68599,TRUE,FALSE,FALSE,FALSE,
8/31/2024,206.45,2033.6,83049.7465,84876.8965,1013.887,434.523,72420.5,86904.6,588.1301365,1056.372096,1814.919726,1565.308911,84408.60541,TRUE,FALSE,TRUE,FALSE,
9/1/2024,397.19,2479.5,84876.8965,86959.2065,1013.887,434.523,101388.7,115872.8,513.5074418,1040.03327,1947.689151,1893.007865,86372.71436,TRUE,FALSE,TRUE,FALSE,
9/2/2024,1032.28,2479.5,86959.2065,88406.4265,1013.887,434.523,101388.7,115872.8,986.3827028,1666.475716,2275.388105,1909.716217,87836.64272,TRUE,FALSE,FALSE,FALSE,
9/3/2024,2090.76,2479.5,88406.4265,88795.1665,1013.887,434.523,101388.7,115872.8,1338.032204,1864.769315,2292.096457,1898.184408,88213.85091,FALSE,FALSE,FALSE,FALSE,
9/4/2024,2099.14,3074.58,88795.1665,89770.6065,1013.887,434.523,101388.7,115872.8,1314.500609,1820.046231,2280.564648,1835.948257,88531.97476,FALSE,FALSE,FALSE,FALSE,
9/5/2024,2037.31,3074.58,89770.6065,90807.8765,1013.887,434.523,101388.7,115872.8,1248.729,1716.645677,2218.328497,1533.909722,89267.20622,TRUE,FALSE,TRUE,FALSE,
9/6/2024,1445.19,2380.32,90807.8765,91743.0065,1013.887,434.523,101388.7,115872.8,819.8164101,1262.724367,1916.289962,1368.766662,90731.45316,FALSE,FALSE,FALSE,FALSE,
9/7/2024,1173.77,2479.5,91743.0065,93048.7365,1013.887,434.523,101388.7,115872.8,673.2450723,1017.809756,1751.146902,1576.054071,92145.29057,TRUE,FALSE,FALSE,FALSE,
9/8/2024,1779.5,2479.5,93048.7365,93748.7365,1013.887,434.523,101388.7,115872.8,945.4287299,1272.913105,1958.434311,1877.575452,93146.81195,FALSE,FALSE,FALSE,FALSE,
9/9/2024,2259.49,2479.5,93748.7365,93968.7465,1013.887,434.523,101388.7,115872.8,1370.957933,1901.186393,2259.955692,1930.612129,93419.85863,FALSE,FALSE,FALSE,FALSE,
9/10/2024,2184.03,3173.76,93968.7465,94958.4765,1013.887,434.523,101388.7,115872.8,1427.276672,1935.581201,2312.992369,1922.584645,93707.30115,FALSE,FALSE,FALSE,FALSE,
9/11/2024,2053.04,3173.76,94958.4765,96079.1965,1013.887,434.523,101388.7,115872.8,1487.60706,1956.636316,2304.964885,1844.55786,94749.99436,TRUE,FALSE,FALSE,FALSE,
9/12/2024,1628.6,2380.32,96079.1965,96830.9165,1013.887,434.523,101388.7,115872.8,1313.975023,1817.625131,2226.9381,1565.43902,96016.03552,FALSE,FALSE,FALSE,FALSE,
9/13/2024,1247.12,1983.6,96830.9165,97567.3965,1013.887,434.523,101388.7,115872.8,981.1966089,1374.744975,1947.81926,1432.03283,97015.82933,FALSE,FALSE,FALSE,FALSE,
9/14/2024,771.33,2479.5,97567.3965,99275.5665,1013.887,434.523,101388.7,115872.8,883.7733266,1168.09549,1814.41307,1665.803809,98461.87031,TRUE,FALSE,FALSE,FALSE,
9/15/2024,1573.05,2479.5,99275.5665,100182.0165,1013.887,434.523,101388.7,115872.8,1064.915068,1444.61902,2048.184049,1988.860142,99691.37664,FALSE,FALSE,FALSE,FALSE,
9/16/2024,2179.84,2479.5,100182.0165,100481.6765,1013.887,434.523,101388.7,115872.8,1540.777124,1982.937491,2371.240382,1991.168036,99993.34454,FALSE,FALSE,FALSE,FALSE,
9/17/2024,1966.05,2876.22,100481.6765,101391.8465,1013.887,434.523,101388.7,115872.8,1497.400686,1962.589764,2373.548276,1939.367233,100454.9937,FALSE,FALSE,FALSE,FALSE,
9/18/2024,2216.52,2677.86,101391.8465,101853.1865,1013.887,434.523,101388.7,115872.8,1493.847574,1900.947689,2321.747473,1870.07801,101045.4045,FALSE,FALSE,FALSE,FALSE,
9/19/2024,1997.49,2876.22,101853.1865,102731.9165,1013.887,434.523,101388.7,115872.8,1320.671897,1783.12257,2252.45825,1562.983129,101418.6796,FALSE,FALSE,FALSE,FALSE,
9/20/2024,1271.224,1983.6,102731.9165,103444.2925,1013.887,434.523,101388.7,115872.8,820.9816694,1362.968238,1945.363369,1453.115464,102913.808,FALSE,FALSE,FALSE,FALSE,
9/21/2024,979.88,2479.5,103444.2925,104943.9125,1013.887,434.523,101388.7,115872.8,778.7681039,1188.275391,1835.495704,1670.281018,104134.6935,TRUE,FALSE,FALSE,FALSE,
9/22/2024,1507.03,2479.5,104943.9125,105916.3825,1013.887,434.523,101388.7,115872.8,1028.535959,1481.881483,2052.661258,1985.078251,105421.9608,FALSE,FALSE,FALSE,FALSE,
9/23/2024,1667.37,2479.5,105916.3825,106728.5125,1013.887,434.523,101388.7,115872.8,1456.144327,2011.863746,2367.458491,1993.020329,106242.0328,FALSE,FALSE,FALSE,FALSE,
9/24/2024,1906.31,3074.58,106728.5125,107896.7825,1013.887,434.523,101388.7,115872.8,1511.437758,2016.837898,2375.400569,1950.535679,106772.7382,TRUE,FALSE,FALSE,FALSE,
9/25/2024,1598.2,3074.58,107896.7825,109373.1625,1013.887,434.523,101388.7,115872.8,1490.928242,1899.143651,2332.915919,1857.482376,108156.0649,TRUE,FALSE,FALSE,FALSE,
9/26/2024,1731.29,2479.5,109373.1625,110121.3725,1013.887,434.523,101388.7,115872.8,1312.010302,1787.552982,2239.862616,1515.934288,109157.8068,FALSE,FALSE,FALSE,FALSE,
9/27/2024,1202.06,2479.5,110121.3725,111398.8125,1013.887,434.523,101388.7,115872.8,902.2018659,1339.541482,1898.314528,1366.61099,110285.9235,TRUE,FALSE,FALSE,FALSE,
9/28/2024,740.94,2479.5,111398.8125,113137.3725,1013.887,434.523,101388.7,115872.8,752.3831888,1101.431097,1748.99123,1597.272072,112255.1446,TRUE,FALSE,FALSE,FALSE,
9/29/2024,1066.87,2479.5,113137.3725,114550.0025,1013.887,434.523,101388.7,115872.8,1034.328876,1311.077826,1979.652312,1915.857091,113986.3596,TRUE,FALSE,FALSE,FALSE,
9/30/2024,1561.52,2479.5,114550.0025,115467.9825,1013.887,434.523,101388.7,115872.8,1424.708265,1919.7485,2298.237331,1898.540134,114887.0226,FALSE,FALSE,FALSE,FALSE,
10/1/2024,2280.45,2975.4,115467.9825,116162.9325,1013.887,434.523,123114.85,144841,1378.00573,1889.339373,2280.920374,1890.620172,115078.1527,FALSE,FALSE,FALSE,FALSE,
10/2/2024,1671.56,2975.4,116162.9325,117466.7725,1013.887,434.523,123114.85,144841,1394.715943,1854.001858,2273.000412,2958.28673,117449.6592,TRUE,FALSE,TRUE,FALSE,
10/3/2024,1516.46,2975.4,117466.7725,118925.7125,1013.887,434.523,123114.85,144841,1348.050191,1751.650742,2246.040916,2154.437886,118104.7504,TRUE,FALSE,FALSE,FALSE,
10/4/2024,1106.69,2251.386,118925.7125,120070.4085,1013.887,434.523,123114.85,144841,889.7509504,1312.029529,1917.809202,2210.557675,120029.5802,TRUE,FALSE,TRUE,FALSE,
10/5/2024,898.14,2281.14,120070.4085,121453.4085,1013.887,434.523,123114.85,144841,733.4642347,1058.481046,1800.797276,2122.007962,121294.2765,TRUE,FALSE,TRUE,FALSE,
10/6/2024,1512.26,2281.14,121453.4085,122222.2885,1013.887,434.523,123114.85,144841,992.2043406,1308.972145,2005.005638,2049.629095,121990.7776,FALSE,FALSE,FALSE,FALSE,
10/7/2024,1879.06,2281.14,122222.2885,122624.3685,1013.887,434.523,123114.85,144841,1407.121949,1968.570131,2345.385134,2317.610766,122660.8393,FALSE,FALSE,FALSE,FALSE,
10/8/2024,1753.5,2975.4,122624.3685,123846.2685,1013.887,434.523,123114.85,144841,1461.480578,1947.490283,2339.6263,2682.561058,123553.4296,TRUE,FALSE,FALSE,FALSE,
10/9/2024,1938.8,2975.4,123846.2685,124882.8685,1013.887,434.523,123114.85,144841,1476.536135,1985.95981,2332.017757,2447.416706,124354.8852,TRUE,FALSE,FALSE,FALSE,
10/10/2024,1551.04,2975.4,124882.8685,126307.2285,1013.887,434.523,123114.85,144841,1411.428344,1762.102881,2214.824863,2447.46256,125779.2911,TRUE,FALSE,FALSE,FALSE,
10/11/2024,1064.77,2330.73,126307.2285,127573.1885,1013.887,434.523,123114.85,144841,908.2210916,1313.362685,1912.377823,2249.395216,127491.8537,TRUE,FALSE,TRUE,FALSE,
10/12/2024,1038.57,2281.14,127573.1885,128815.7585,1013.887,434.523,123114.85,144841,827.814265,1154.055318,1799.62344,2069.069613,128603.6881,TRUE,FALSE,TRUE,FALSE,
10/13/2024,1485.02,2281.14,128815.7585,129611.8785,1013.887,434.523,123114.85,144841,911.4290484,1263.298306,1992.813453,2178.312525,129509.051,FALSE,FALSE,FALSE,FALSE,
10/14/2024,2447.08,2281.14,129611.8785,129445.9385,1013.887,434.523,123114.85,144841,1151.426171,1887.880179,2321.446378,2308.906511,129473.705,FALSE,FALSE,FALSE,FALSE,
10/15/2024,2210.22,2281.14,129445.9385,129516.8585,1013.887,434.523,123114.85,144841,1464.203476,1943.867884,2334.223288,2975.4,130211.1185,FALSE,FALSE,FALSE,FALSE,
10/16/2024,2059.81,2975.4,129516.8585,130432.4485,1013.887,434.523,123114.85,144841,1514.830729,1980.858484,2347.133258,2975.4,130432.4485,FALSE,FALSE,FALSE,FALSE,
10/17/2024,1870.85,2975.4,130432.4485,131536.9985,1013.887,434.523,123114.85,144841,1423.091097,1890.627356,2262.940171,2429.91,130991.5085,TRUE,FALSE,FALSE,FALSE,
10/18/2024,1429.23,2429.91,131536.9985,132537.6785,1013.887,434.523,123114.85,144841,995.0103507,1434.650608,1980.634951,2281.14,132388.9085,FALSE,FALSE,FALSE,FALSE,
10/19/2024,1095.16,2281.14,132537.6785,133723.6585,1013.887,434.523,123114.85,144841,896.5282749,1231.038184,1870.941788,2281.14,133723.6585,TRUE,FALSE,TRUE,FALSE,
10/20/2024,1571.21,2281.14,133723.6585,134433.5885,1013.887,434.523,123114.85,144841,1279.898029,1523.871572,2055.585124,3094.631523,135247.08,FALSE,FALSE,TRUE,FALSE,
10/21/2024,2151.68,2281.14,134433.5885,134563.0485,1013.887,434.523,123114.85,144841,1536.542033,2092.396499,2392.837212,2387.047225,134668.9557,FALSE,FALSE,FALSE,FALSE,
10/22/2024,2015.97,2975.4,134563.0485,135522.4785,1013.887,434.523,123114.85,144841,1550.771376,2084.019139,2397.564836,2979.910626,135526.9891,FALSE,FALSE,FALSE,FALSE,
10/23/2024,1817.6,2975.4,135522.4785,136680.2785,1013.887,434.523,123114.85,144841,1529.964652,2001.101069,2414.685863,2693.891501,136398.77,TRUE,FALSE,FALSE,FALSE,
10/24/2024,1890.68,2975.4,136680.2785,137764.9985,1013.887,434.523,123114.85,144841,1415.321733,1874.418575,2281.497764,2341.457376,137131.0559,TRUE,FALSE,FALSE,FALSE,
10/25/2024,1633.86,2529.09,137764.9985,138660.2285,1013.887,434.523,123114.85,144841,976.2940946,1420.746233,1994.24554,2609.832101,138740.9706,FALSE,FALSE,FALSE,FALSE,
10/26/2024,1171.36,2281.14,138660.2285,139770.0085,1013.887,434.523,123114.85,144841,936.0126281,1241.081751,1902.288041,2621.911017,140110.7795,TRUE,FALSE,TRUE,FALSE,
10/27/2024,1443.85,2281.14,139770.0085,140607.2985,1013.887,434.523,123114.85,144841,1246.186451,1518.787333,2079.229458,2355.695477,140681.854,FALSE,FALSE,FALSE,FALSE,
10/28/2024,2118.24,2281.14,140607.2985,140770.1985,1013.887,434.523,123114.85,144841,1510.577972,2053.109351,2452.455335,2250.637804,140739.6963,FALSE,FALSE,FALSE,FALSE,
10/29/2024,2695.61,2975.4,140770.1985,141049.9885,1013.887,434.523,123114.85,144841,1529.983954,2047.454607,2448.13354,2914.245718,140988.8342,FALSE,FALSE,FALSE,FALSE,
10/30/2024,1763,2975.4,141049.9885,142262.3885,1013.887,434.523,123114.85,144841,1505.777911,1993.741451,2433.029658,2975.4,142262.3885,TRUE,FALSE,TRUE,FALSE,
10/31/2024,1876,2975.4,142262.3885,143361.7885,1013.887,434.523,123114.85,144841,1436.552675,2043.658455,2352.173782,1589.22368,141975.6122,TRUE,FALSE,FALSE,FALSE,
11/1/2024,1674.57,1653.3306,143361.7885,143340.5491,434.523,579.364,108630.75,130356.9,1055.998765,1563.633641,2081.68308,1503.967902,143191.1864,FALSE,FALSE,FALSE,FALSE,
11/2/2024,1437.59,1653.3306,143340.5491,143556.2897,434.523,579.364,108630.75,130356.9,990.7407726,1333.66668,1996.427302,1600.883278,143503.8424,FALSE,FALSE,FALSE,FALSE,
11/3/2024,1973.17,1653.3306,143556.2897,143236.4503,434.523,579.364,108630.75,130356.9,1219.902852,1613.760671,2093.342678,2014.299783,143597.4195,FALSE,FALSE,FALSE,FALSE,
11/4/2024,2176.74,1653.3306,143236.4503,142713.0409,434.523,579.364,108630.75,130356.9,1574.127076,2265.200487,2506.759183,2000.605932,143060.3162,FALSE,FALSE,FALSE,FALSE,
11/5/2024,2284.27,1653.3306,142713.0409,142082.1015,434.523,579.364,108630.75,130356.9,1609.318481,2279.394985,2493.065332,1959.336394,142388.1073,TRUE,FALSE,FALSE,FALSE,
11/6/2024,2062.94,1653.3306,142082.1015,141672.4921,434.523,579.364,108630.75,130356.9,1549.410824,2174.46066,2451.795794,1845.538577,141864.7001,FALSE,FALSE,FALSE,FALSE,
11/7/2024,1963.77,1653.3306,141672.4921,141362.0527,434.523,579.364,108630.75,130356.9,1410.166826,2113.777628,2337.997977,1582.606923,141291.329,FALSE,FALSE,FALSE,FALSE,
11/8/2024,1674.57,1653.3306,141362.0527,141340.8133,434.523,579.364,108630.75,130356.9,1177.790079,1694.028712,2075.066323,1462.964906,141150.4476,FALSE,FALSE,FALSE,FALSE,
11/9/2024,1437.59,1653.3306,141340.8133,141556.5539,434.523,579.364,108630.75,130356.9,1136.516994,1532.890298,1955.424306,1647.697367,141550.9207,FALSE,FALSE,FALSE,FALSE,
11/10/2024,1973.17,1653.3306,141556.5539,141236.7145,434.523,579.364,108630.75,130356.9,1258.618072,1738.212558,2140.156767,2102.55022,141685.9341,FALSE,FALSE,FALSE,FALSE,
11/11/2024,2176.74,1653.3306,141236.7145,140713.3051,434.523,579.364,108630.75,130356.9,1387.594016,2299.78307,2595.00962,2108.622285,141168.5968,FALSE,FALSE,FALSE,FALSE,
11/12/2024,2284.27,1653.3306,140713.3051,140082.3657,434.523,579.364,108630.75,130356.9,1571.342038,2193.738658,2601.081685,2100.587197,140529.6223,TRUE,FALSE,FALSE,FALSE,
11/13/2024,2062.94,1653.3306,140082.3657,139672.7563,434.523,579.364,108630.75,130356.9,1539.546886,2112.642406,2593.046597,1987.721316,140007.147,FALSE,FALSE,FALSE,FALSE,
11/14/2024,1963.77,1653.3306,139672.7563,139362.3169,434.523,579.364,108630.75,130356.9,1397.62099,1933.366296,2480.180716,1601.982805,139310.9691,FALSE,FALSE,FALSE,FALSE,
11/15/2024,1674.57,1653.3306,139362.3169,139341.0775,434.523,579.364,108630.75,130356.9,1127.581978,1577.324555,2094.442205,1481.174376,139168.9213,FALSE,FALSE,FALSE,FALSE,
11/16/2024,1437.59,1653.3306,139341.0775,139556.8181,434.523,579.364,108630.75,130356.9,1113.497749,1422.801272,1973.633776,1644.578382,139548.0659,FALSE,FALSE,FALSE,FALSE,
11/17/2024,1973.17,1653.3306,139556.8181,139236.9787,434.523,579.364,108630.75,130356.9,1325.462647,1655.515082,2137.037782,2095.980589,139679.6287,FALSE,FALSE,FALSE,FALSE,
11/18/2024,2176.74,1653.3306,139236.9787,138713.5693,434.523,579.364,108630.75,130356.9,1560.203857,2135.889314,2588.439989,2095.808885,139156.0476,FALSE,FALSE,FALSE,FALSE,
11/19/2024,2284.27,1653.3306,138713.5693,138082.6299,434.523,579.364,108630.75,130356.9,1581.794874,2086.055676,2588.268285,2096.7567,138526.056,TRUE,FALSE,FALSE,FALSE,
11/20/2024,2062.94,1653.3306,138082.6299,137673.0205,434.523,579.364,108630.75,130356.9,1405.934682,1997.304665,2589.2161,1969.739487,137989.4294,FALSE,FALSE,FALSE,FALSE,
11/21/2024,1963.77,1653.3306,137673.0205,137362.5811,434.523,579.364,108630.75,130356.9,1142.253584,1928.927278,2462.198887,1596.574144,137305.8246,FALSE,FALSE,FALSE,FALSE,
11/22/2024,1674.57,1653.3306,137362.5811,137341.3417,434.523,579.364,108630.75,130356.9,1026.69685,1556.832301,2089.033544,1475.765715,137163.7768,FALSE,FALSE,FALSE,FALSE,
11/23/2024,1437.59,1653.3306,137341.3417,137557.0823,434.523,579.364,108630.75,130356.9,1089.490872,1389.010908,1968.225115,1643.571489,137547.3232,FALSE,FALSE,FALSE,FALSE,
11/24/2024,1973.17,1653.3306,137557.0823,137237.2429,434.523,579.364,108630.75,130356.9,1301.455771,1638.427407,2136.030889,2098.039164,137681.9515,FALSE,FALSE,FALSE,FALSE,
11/25/2024,2176.74,1653.3306,137237.2429,136713.8335,434.523,579.364,108630.75,130356.9,1452.91859,2102.015019,2590.498564,2089.997003,137150.4999,FALSE,FALSE,FALSE,FALSE,
11/26/2024,2284.27,1653.3306,136713.8335,136082.8941,434.523,579.364,108630.75,130356.9,1493.993774,2054.563364,2582.456403,2099.26249,136528.826,TRUE,FALSE,FALSE,FALSE,
11/27/2024,840.42,1653.3306,136082.8941,136895.8047,434.523,579.364,108630.75,130356.9,905.5560475,1907.905783,2591.72189,1977.22177,137219.6959,TRUE,FALSE,TRUE,FALSE,
11/28/2024,468.76,1653.3306,136895.8047,138080.3753,434.523,579.364,108630.75,130356.9,643.854252,1825.14613,2469.68117,1595.481477,138022.5262,TRUE,FALSE,TRUE,FALSE,
11/29/2024,860.26,1653.3306,138080.3753,138873.4459,434.523,579.364,108630.75,130356.9,930.0533783,1386.672951,2087.940877,1476.916338,138697.0316,TRUE,FALSE,TRUE,FALSE,
11/30/2024,947.96,1653.3306,138873.4459,139578.8165,434.523,579.364,108630.75,130356.9,782.6900225,1171.810554,1969.375738,1653.3306,139578.8165,TRUE,TRUE,TRUE,TRUE,
